,Ticker,UnderlyingPrice,Flags,Type,Strike,Last,Bid,Ask,Volume,OpenInterest,T1OpenInterest,Expires,Data_Date
155016,CRZO,22.28,*,call,10.0,0.0,12.0,14.4,0,0,0,2016-02-19,2016-02-18
155017,CRZO,22.28,*,put,10.0,0.0,0.0,0.45,0,0,0,2016-02-19,2016-02-18
155018,CRZO,22.28,*,call,12.5,0.0,9.3,12.0,0,0,0,2016-02-19,2016-02-18
155019,CRZO,22.28,*,put,12.5,0.05,0.0,0.5,0,112,0,2016-02-19,2016-02-18
155020,CRZO,22.28,*,call,15.0,0.0,7.0,9.8,0,0,0,2016-02-19,2016-02-18
155021,CRZO,22.28,*,put,15.0,0.05,0.0,0.5,0,118,0,2016-02-19,2016-02-18
155022,CRZO,22.28,*,call,17.5,8.0,4.4,7.0,0,4,0,2016-02-19,2016-02-18
155023,CRZO,22.28,*,put,17.5,0.05,0.0,0.5,12,295,0,2016-02-19,2016-02-18
155024,CRZO,22.28,*,call,20.0,6.69,2.15,4.7,0,2142,0,2016-02-19,2016-02-18
155025,CRZO,22.28,*,put,20.0,0.15,0.0,0.15,12,515,0,2016-02-19,2016-02-18
155026,CRZO,22.28,*,call,22.5,2.0,0.3,0.5,0,365,0,2016-02-19,2016-02-18
155027,CRZO,22.28,*,put,22.5,0.4,0.45,0.65,108,451,0,2016-02-19,2016-02-18
155028,CRZO,22.28,*,call,25.0,0.05,0.0,0.05,18,3720,0,2016-02-19,2016-02-18
155029,CRZO,22.28,*,put,25.0,1.24,1.1,3.0,5,449,0,2016-02-19,2016-02-18
155030,CRZO,22.28,*,call,27.5,0.1,0.0,0.5,0,1688,0,2016-02-19,2016-02-18
155031,CRZO,22.28,*,put,27.5,3.37,3.3,5.6,5,65,0,2016-02-19,2016-02-18
155032,CRZO,22.28,*,call,30.0,0.05,0.0,0.15,1,700,0,2016-02-19,2016-02-18
155033,CRZO,22.28,*,put,30.0,6.5,6.0,7.9,1,312,0,2016-02-19,2016-02-18
155034,CRZO,22.28,*,call,32.5,0.05,0.0,0.1,0,386,0,2016-02-19,2016-02-18
155035,CRZO,22.28,*,put,32.5,6.2,8.1,10.5,0,15,0,2016-02-19,2016-02-18
155036,CRZO,22.28,*,call,35.0,0.03,0.0,0.5,0,141,0,2016-02-19,2016-02-18
155037,CRZO,22.28,*,put,35.0,8.26,10.3,13.0,0,17,0,2016-02-19,2016-02-18
155038,CRZO,22.28,*,call,37.5,0.1,0.0,0.3,0,71,0,2016-02-19,2016-02-18
155039,CRZO,22.28,*,put,37.5,0.0,13.0,15.5,0,0,0,2016-02-19,2016-02-18
155040,CRZO,22.28,*,call,40.0,0.25,0.0,0.4,0,297,0,2016-02-19,2016-02-18
155041,CRZO,22.28,*,put,40.0,0.0,15.5,18.0,0,0,0,2016-02-19,2016-02-18
155042,CRZO,22.28,*,call,42.5,0.0,0.0,0.5,0,0,0,2016-02-19,2016-02-18
155043,CRZO,22.28,*,put,42.5,0.0,18.1,20.5,0,0,0,2016-02-19,2016-02-18
155044,CRZO,22.28,*,call,45.0,0.0,0.0,0.5,0,187,0,2016-02-19,2016-02-18
155045,CRZO,22.28,*,put,45.0,22.01,20.5,23.1,0,1,0,2016-02-19,2016-02-18
155046,CRZO,22.28,*,call,10.0,0.0,12.0,14.8,0,0,0,2016-03-18,2016-02-18
155047,CRZO,22.28,*,put,10.0,0.0,0.0,0.4,0,0,0,2016-03-18,2016-02-18
155048,CRZO,22.28,*,call,12.5,0.0,9.7,12.2,0,0,0,2016-03-18,2016-02-18
155049,CRZO,22.28,*,put,12.5,0.15,0.0,0.5,0,87,0,2016-03-18,2016-02-18
155050,CRZO,22.28,*,call,15.0,0.0,7.3,9.8,0,0,0,2016-03-18,2016-02-18
155051,CRZO,22.28,*,put,15.0,0.55,0.1,0.5,0,215,0,2016-03-18,2016-02-18
155052,CRZO,22.28,*,call,17.5,6.3,5.3,7.8,0,15,0,2016-03-18,2016-02-18
155053,CRZO,22.28,*,put,17.5,0.89,0.55,0.75,0,3,0,2016-03-18,2016-02-18
155054,CRZO,22.28,*,call,20.0,4.9,3.5,5.7,0,36,0,2016-03-18,2016-02-18
155055,CRZO,22.28,*,put,20.0,1.13,1.25,1.45,0,212,0,2016-03-18,2016-02-18
155056,CRZO,22.28,*,call,22.5,3.3,2.15,2.35,0,1139,0,2016-03-18,2016-02-18
155057,CRZO,22.28,*,put,22.5,2.12,2.3,2.55,151,63,0,2016-03-18,2016-02-18
155058,CRZO,22.28,*,call,25.0,1.6,1.2,1.35,17,744,0,2016-03-18,2016-02-18
155059,CRZO,22.28,*,put,25.0,3.77,3.6,4.2,0,202,0,2016-03-18,2016-02-18
155060,CRZO,22.28,*,call,27.5,1.05,0.6,0.8,11,80,0,2016-03-18,2016-02-18
155061,CRZO,22.28,*,put,27.5,5.47,3.9,6.2,0,54,0,2016-03-18,2016-02-18
155062,CRZO,22.28,*,call,30.0,0.7,0.3,0.45,0,2011,0,2016-03-18,2016-02-18
155063,CRZO,22.28,*,put,30.0,6.7,6.4,8.5,1,1,0,2016-03-18,2016-02-18
155064,CRZO,22.28,*,call,32.5,0.5,0.15,0.3,0,167,0,2016-03-18,2016-02-18
155065,CRZO,22.28,*,put,32.5,9.0,8.3,10.8,0,0,0,2016-03-18,2016-02-18
155066,CRZO,22.28,*,call,35.0,0.0,0.05,0.5,0,0,0,2016-03-18,2016-02-18
155067,CRZO,22.28,*,put,35.0,0.0,10.7,13.2,0,0,0,2016-03-18,2016-02-18
155068,CRZO,22.28,*,call,37.5,0.1,0.05,0.2,305,155,0,2016-03-18,2016-02-18
155069,CRZO,22.28,*,put,37.5,0.0,13.1,15.7,0,0,0,2016-03-18,2016-02-18
155070,CRZO,22.28,*,call,40.0,0.0,0.0,0.5,0,0,0,2016-03-18,2016-02-18
155071,CRZO,22.28,*,put,40.0,0.0,15.6,18.2,0,0,0,2016-03-18,2016-02-18
155072,CRZO,22.28,*,call,7.5,0.0,14.4,17.3,0,0,0,2016-04-15,2016-02-18
155073,CRZO,22.28,*,put,7.5,0.0,0.0,0.4,0,0,0,2016-04-15,2016-02-18
155074,CRZO,22.28,*,call,10.0,0.0,11.5,14.7,0,0,0,2016-04-15,2016-02-18
155075,CRZO,22.28,*,put,10.0,0.2,0.05,0.5,0,190,0,2016-04-15,2016-02-18
155076,CRZO,22.28,*,call,12.5,0.0,9.1,12.3,0,0,0,2016-04-15,2016-02-18
155077,CRZO,22.28,*,put,12.5,0.65,0.1,0.6,0,50,0,2016-04-15,2016-02-18
155078,CRZO,22.28,*,call,15.0,0.0,7.6,10.1,0,0,0,2016-04-15,2016-02-18
155079,CRZO,22.28,*,put,15.0,2.3,0.35,0.85,0,250,0,2016-04-15,2016-02-18
155080,CRZO,22.28,*,call,17.5,6.8,5.4,8.1,0,98,0,2016-04-15,2016-02-18
155081,CRZO,22.28,*,put,17.5,1.4,1.0,1.3,0,1024,0,2016-04-15,2016-02-18
155082,CRZO,22.28,*,call,20.0,5.0,4.2,6.8,0,248,0,2016-04-15,2016-02-18
155083,CRZO,22.28,*,put,20.0,2.3,1.9,2.1,0,515,0,2016-04-15,2016-02-18
155084,CRZO,22.28,*,call,22.5,4.0,2.95,3.2,0,315,0,2016-04-15,2016-02-18
155085,CRZO,22.28,*,put,22.5,3.5,3.0,3.3,0,530,0,2016-04-15,2016-02-18
155086,CRZO,22.28,*,call,25.0,2.85,1.85,2.1,0,1165,0,2016-04-15,2016-02-18
155087,CRZO,22.28,*,put,25.0,4.9,4.3,4.9,0,242,0,2016-04-15,2016-02-18
155088,CRZO,22.28,*,call,27.5,1.6,1.2,1.4,6,194,0,2016-04-15,2016-02-18
155089,CRZO,22.28,*,put,27.5,6.0,5.3,6.8,0,59,0,2016-04-15,2016-02-18
155090,CRZO,22.28,*,call,30.0,1.1,0.75,0.9,105,388,0,2016-04-15,2016-02-18
155091,CRZO,22.28,*,put,30.0,7.74,7.7,8.9,0,130,0,2016-04-15,2016-02-18
155092,CRZO,22.28,*,call,32.5,0.65,0.45,0.6,5,71,0,2016-04-15,2016-02-18
155093,CRZO,22.28,*,put,32.5,16.11,8.3,11.0,0,58,0,2016-04-15,2016-02-18
155094,CRZO,22.28,*,call,35.0,0.4,0.25,0.45,17,256,0,2016-04-15,2016-02-18
155095,CRZO,22.28,*,put,35.0,10.7,10.8,13.6,0,65,0,2016-04-15,2016-02-18
155096,CRZO,22.28,*,call,37.5,0.4,0.05,0.5,0,40,0,2016-04-15,2016-02-18
155097,CRZO,22.28,*,put,37.5,9.79,13.1,16.1,0,66,0,2016-04-15,2016-02-18
155098,CRZO,22.28,*,call,40.0,0.31,0.0,0.5,0,83,0,2016-04-15,2016-02-18
155099,CRZO,22.28,*,put,40.0,15.7,15.6,18.4,0,40,0,2016-04-15,2016-02-18
155100,CRZO,22.28,*,call,42.5,0.39,0.0,0.5,0,737,0,2016-04-15,2016-02-18
155101,CRZO,22.28,*,put,42.5,6.4,18.1,20.9,0,51,0,2016-04-15,2016-02-18
155102,CRZO,22.28,*,call,45.0,0.2,0.0,0.5,0,48,0,2016-04-15,2016-02-18
155103,CRZO,22.28,*,put,45.0,9.9,20.5,23.3,0,5,0,2016-04-15,2016-02-18
155104,CRZO,22.28,*,call,47.5,0.15,0.0,0.5,0,33,0,2016-04-15,2016-02-18
155105,CRZO,22.28,*,put,47.5,9.8,22.8,25.9,0,10,0,2016-04-15,2016-02-18
155106,CRZO,22.28,*,call,50.0,0.1,0.0,0.5,0,90,0,2016-04-15,2016-02-18
155107,CRZO,22.28,*,put,50.0,27.4,25.5,28.5,0,22,0,2016-04-15,2016-02-18
155108,CRZO,22.28,*,call,55.0,0.1,0.0,0.5,0,60,0,2016-04-15,2016-02-18
155109,CRZO,22.28,*,put,55.0,21.8,30.5,33.5,0,1,0,2016-04-15,2016-02-18
155110,CRZO,22.28,*,call,5.0,0.0,16.9,19.8,0,0,0,2016-07-15,2016-02-18
155111,CRZO,22.28,*,put,5.0,0.0,0.0,0.5,0,0,0,2016-07-15,2016-02-18
155112,CRZO,22.28,*,call,7.5,0.0,14.3,17.6,0,0,0,2016-07-15,2016-02-18
155113,CRZO,22.28,*,put,7.5,0.0,0.2,0.5,0,0,0,2016-07-15,2016-02-18
155114,CRZO,22.28,*,call,10.0,0.0,12.1,15.3,0,0,0,2016-07-15,2016-02-18
155115,CRZO,22.28,*,put,10.0,0.0,0.35,0.75,0,0,0,2016-07-15,2016-02-18
155116,CRZO,22.28,*,call,12.5,0.0,10.3,13.0,0,0,0,2016-07-15,2016-02-18
155117,CRZO,22.28,*,put,12.5,1.15,0.55,1.1,0,20,0,2016-07-15,2016-02-18
155118,CRZO,22.28,*,call,15.0,8.21,8.4,11.2,0,1,0,2016-07-15,2016-02-18
155119,CRZO,22.28,*,put,15.0,1.5,1.05,1.65,0,32,0,2016-07-15,2016-02-18
155120,CRZO,22.28,*,call,17.5,3.6,6.8,9.4,0,6,0,2016-07-15,2016-02-18
155121,CRZO,22.28,*,put,17.5,2.4,2.0,2.5,0,18,0,2016-07-15,2016-02-18
155122,CRZO,22.28,*,call,20.0,6.4,5.3,7.7,0,7,0,2016-07-15,2016-02-18
155123,CRZO,22.28,*,put,20.0,3.4,2.95,3.6,0,172,0,2016-07-15,2016-02-18
155124,CRZO,22.28,*,call,22.5,5.7,4.3,5.6,0,114,0,2016-07-15,2016-02-18
155125,CRZO,22.28,*,put,22.5,5.1,4.2,4.8,0,31,0,2016-07-15,2016-02-18
155126,CRZO,22.28,*,call,25.0,3.7,3.3,4.7,0,47,0,2016-07-15,2016-02-18
155127,CRZO,22.28,*,put,25.0,5.1,5.6,6.3,0,22,0,2016-07-15,2016-02-18
155128,CRZO,22.28,*,call,27.5,3.7,2.5,3.8,0,13,0,2016-07-15,2016-02-18
155129,CRZO,22.28,*,put,27.5,5.7,7.3,8.0,0,23,0,2016-07-15,2016-02-18
155130,CRZO,22.28,*,call,30.0,3.8,1.8,3.1,0,5,0,2016-07-15,2016-02-18
155131,CRZO,22.28,*,put,30.0,8.5,8.9,10.0,0,46,0,2016-07-15,2016-02-18
155132,CRZO,22.28,*,call,32.5,3.4,1.15,2.55,0,25,0,2016-07-15,2016-02-18
155133,CRZO,22.28,*,put,32.5,10.3,9.3,12.2,0,8,0,2016-07-15,2016-02-18
155134,CRZO,22.28,*,call,35.0,2.1,1.0,2.1,0,201,0,2016-07-15,2016-02-18
155135,CRZO,22.28,*,put,35.0,12.2,11.6,14.4,0,1,0,2016-07-15,2016-02-18
155136,CRZO,22.28,*,call,37.5,1.22,0.65,2.05,0,46,0,2016-07-15,2016-02-18
155137,CRZO,22.28,*,put,37.5,0.0,13.9,16.6,0,0,0,2016-07-15,2016-02-18
155138,CRZO,22.28,*,call,40.0,0.85,0.35,1.25,0,29,0,2016-07-15,2016-02-18
155139,CRZO,22.28,*,put,40.0,18.4,15.9,18.9,0,148,0,2016-07-15,2016-02-18
155140,CRZO,22.28,*,call,42.5,1.0,0.25,1.05,0,94,0,2016-07-15,2016-02-18
155141,CRZO,22.28,*,put,42.5,0.0,18.6,21.3,0,0,0,2016-07-15,2016-02-18
155142,CRZO,22.28,*,call,45.0,0.8,0.2,0.9,0,7,0,2016-07-15,2016-02-18
155143,CRZO,22.28,*,put,45.0,9.6,20.9,23.6,0,24,0,2016-07-15,2016-02-18
155144,CRZO,22.28,*,call,47.5,0.0,0.05,0.75,0,0,0,2016-07-15,2016-02-18
155145,CRZO,22.28,*,put,47.5,0.0,23.2,26.3,0,0,0,2016-07-15,2016-02-18
155146,CRZO,22.28,*,call,50.0,0.0,0.0,0.5,0,0,0,2016-07-15,2016-02-18
155147,CRZO,22.28,*,put,50.0,21.25,25.5,28.5,0,12,0,2016-07-15,2016-02-18
155148,CRZO,22.28,*,call,55.0,0.96,0.0,0.5,0,11,0,2016-07-15,2016-02-18
155149,CRZO,22.28,*,put,55.0,21.8,30.7,33.5,0,0,0,2016-07-15,2016-02-18
155150,CRZO,22.28,*,call,5.0,0.0,17.0,20.6,0,0,0,2017-01-20,2016-02-18
155151,CRZO,22.28,*,put,5.0,0.3,0.0,1.0,0,2,0,2017-01-20,2016-02-18
155152,CRZO,22.28,*,call,7.5,0.0,14.0,18.5,0,0,0,2017-01-20,2016-02-18
155153,CRZO,22.28,*,put,7.5,0.0,0.1,1.0,0,0,0,2017-01-20,2016-02-18
155154,CRZO,22.28,*,call,10.0,0.0,12.8,17.0,0,0,0,2017-01-20,2016-02-18
155155,CRZO,22.28,*,put,10.0,1.5,0.6,1.5,0,1,0,2017-01-20,2016-02-18
155156,CRZO,22.28,*,call,12.5,0.0,11.1,15.0,0,0,0,2017-01-20,2016-02-18
155157,CRZO,22.28,*,put,12.5,1.75,1.15,2.05,0,14,0,2017-01-20,2016-02-18
155158,CRZO,22.28,*,call,15.0,0.0,9.6,13.5,0,0,0,2017-01-20,2016-02-18
155159,CRZO,22.28,*,put,15.0,3.9,1.85,2.8,0,10,0,2017-01-20,2016-02-18
155160,CRZO,22.28,*,call,17.5,0.0,7.8,11.2,0,0,0,2017-01-20,2016-02-18
155161,CRZO,22.28,*,put,17.5,5.2,2.4,3.9,0,0,0,2017-01-20,2016-02-18
155162,CRZO,22.28,*,call,20.0,6.74,6.7,9.8,0,18,0,2017-01-20,2016-02-18
155163,CRZO,22.28,*,put,20.0,5.1,3.5,5.0,0,17,0,2017-01-20,2016-02-18
155164,CRZO,22.28,*,call,22.5,8.1,5.9,8.5,0,2,0,2017-01-20,2016-02-18
155165,CRZO,22.28,*,put,22.5,5.75,4.8,6.4,0,2,0,2017-01-20,2016-02-18
155166,CRZO,22.28,*,call,25.0,5.78,4.5,7.4,0,1,0,2017-01-20,2016-02-18
155167,CRZO,22.28,*,put,25.0,7.0,5.9,7.9,0,80,0,2017-01-20,2016-02-18
155168,CRZO,22.28,*,call,27.5,6.01,3.9,7.4,0,1,0,2017-01-20,2016-02-18
155169,CRZO,22.28,*,put,27.5,6.1,7.4,9.7,0,10,0,2017-01-20,2016-02-18
155170,CRZO,22.28,*,call,30.0,4.0,3.3,5.3,0,12,0,2017-01-20,2016-02-18
155171,CRZO,22.28,*,put,30.0,10.0,9.1,11.6,0,12,0,2017-01-20,2016-02-18
155172,CRZO,22.28,*,call,32.5,3.0,3.0,4.7,0,2,0,2017-01-20,2016-02-18
155173,CRZO,22.28,*,put,32.5,7.4,10.2,13.6,0,15,0,2017-01-20,2016-02-18
155174,CRZO,22.28,*,call,35.0,3.2,2.3,4.1,0,23,0,2017-01-20,2016-02-18
155175,CRZO,22.28,*,put,35.0,10.86,12.0,15.9,0,6,0,2017-01-20,2016-02-18
155176,CRZO,22.28,*,call,37.5,5.1,1.2,3.6,0,8,0,2017-01-20,2016-02-18
155177,CRZO,22.28,*,put,37.5,12.7,14.3,17.9,0,1,0,2017-01-20,2016-02-18
155178,CRZO,22.28,*,call,40.0,3.2,0.75,2.95,0,9,0,2017-01-20,2016-02-18
155179,CRZO,22.28,*,put,40.0,19.75,16.5,20.0,0,19,0,2017-01-20,2016-02-18
155180,CRZO,22.28,*,call,42.5,0.0,0.85,2.6,0,0,0,2017-01-20,2016-02-18
155181,CRZO,22.28,*,put,42.5,0.0,18.5,22.4,0,0,0,2017-01-20,2016-02-18
155182,CRZO,22.28,*,call,45.0,2.8,1.05,2.05,0,68,0,2017-01-20,2016-02-18
155183,CRZO,22.28,*,put,45.0,23.2,20.9,24.6,0,11,0,2017-01-20,2016-02-18
155184,CRZO,22.28,*,call,47.5,0.0,0.8,1.8,0,0,0,2017-01-20,2016-02-18
155185,CRZO,22.28,*,put,47.5,14.4,23.1,26.8,0,25,0,2017-01-20,2016-02-18
155186,CRZO,22.28,*,call,50.0,5.55,0.6,1.55,0,3,0,2017-01-20,2016-02-18
155187,CRZO,22.28,*,put,50.0,28.2,25.3,29.2,0,10,0,2017-01-20,2016-02-18
155188,CRZO,22.28,*,call,55.0,0.8,0.0,1.2,0,24,0,2017-01-20,2016-02-18
155189,CRZO,22.28,*,put,55.0,19.6,30.5,33.9,0,1,0,2017-01-20,2016-02-18
155190,CRZO,22.28,*,call,2.5,0.0,18.5,22.9,0,0,0,2018-01-19,2016-02-18
155191,CRZO,22.28,*,put,2.5,0.3,0.0,1.0,0,6,0,2018-01-19,2016-02-18
155192,CRZO,22.28,*,call,5.0,0.0,16.9,21.0,0,0,0,2018-01-19,2016-02-18
155193,CRZO,22.28,*,put,5.0,0.0,0.15,1.1,0,0,0,2018-01-19,2016-02-18
155194,CRZO,22.28,*,call,7.5,0.0,15.0,19.5,0,0,0,2018-01-19,2016-02-18
155195,CRZO,22.28,*,put,7.5,0.0,0.75,1.65,0,0,0,2018-01-19,2016-02-18
155196,CRZO,22.28,*,call,10.0,0.0,13.4,17.8,0,0,0,2018-01-19,2016-02-18
155197,CRZO,22.28,*,put,10.0,0.0,1.4,2.35,0,0,0,2018-01-19,2016-02-18
155198,CRZO,22.28,*,call,12.5,0.0,12.1,16.3,0,0,0,2018-01-19,2016-02-18
155199,CRZO,22.28,*,put,12.5,0.0,2.2,3.4,0,0,0,2018-01-19,2016-02-18
155200,CRZO,22.28,*,call,15.0,0.0,10.9,15.0,0,0,0,2018-01-19,2016-02-18
155201,CRZO,22.28,*,put,15.0,0.0,2.95,4.5,0,0,0,2018-01-19,2016-02-18
155202,CRZO,22.28,*,call,17.5,0.0,9.5,13.8,0,0,0,2018-01-19,2016-02-18
155203,CRZO,22.28,*,put,17.5,2.46,4.5,5.8,0,5,0,2018-01-19,2016-02-18
155204,CRZO,22.28,*,call,20.0,0.0,8.7,12.8,0,0,0,2018-01-19,2016-02-18
155205,CRZO,22.28,*,put,20.0,6.81,5.7,7.3,0,63,0,2018-01-19,2016-02-18
155206,CRZO,22.28,*,call,22.5,0.0,7.6,11.8,0,0,0,2018-01-19,2016-02-18
155207,CRZO,22.28,*,put,22.5,7.55,7.1,8.5,0,48,0,2018-01-19,2016-02-18
155208,CRZO,22.28,*,call,25.0,5.5,7.0,10.0,0,10,0,2018-01-19,2016-02-18
155209,CRZO,22.28,*,put,25.0,5.9,8.0,10.5,0,40,0,2018-01-19,2016-02-18
155210,CRZO,22.28,*,call,27.5,7.5,6.4,9.0,0,0,0,2018-01-19,2016-02-18
155211,CRZO,22.28,*,put,27.5,8.6,10.1,12.7,0,23,0,2018-01-19,2016-02-18
155212,CRZO,22.28,*,call,30.0,5.0,5.6,8.2,0,5,0,2018-01-19,2016-02-18
155213,CRZO,22.28,*,put,30.0,7.58,10.5,14.1,0,20,0,2018-01-19,2016-02-18
155214,CRZO,22.28,*,call,32.5,4.4,4.8,7.6,0,2,0,2018-01-19,2016-02-18
155215,CRZO,22.28,*,put,32.5,8.59,12.3,16.1,0,8,0,2018-01-19,2016-02-18
155216,CRZO,22.28,*,call,35.0,0.0,4.5,7.1,0,0,0,2018-01-19,2016-02-18
155217,CRZO,22.28,*,put,35.0,0.0,15.1,17.9,0,0,0,2018-01-19,2016-02-18
155218,CRZO,22.28,*,call,37.5,3.35,4.0,6.3,0,2,0,2018-01-19,2016-02-18
155219,CRZO,22.28,*,put,37.5,0.0,17.1,19.8,0,0,0,2018-01-19,2016-02-18
155220,CRZO,22.28,*,call,40.0,4.23,3.5,5.8,0,79,0,2018-01-19,2016-02-18
155221,CRZO,22.28,*,put,40.0,12.0,18.3,21.7,0,25,0,2018-01-19,2016-02-18
155222,CRZO,22.28,*,call,42.5,0.0,3.1,5.4,0,0,0,2018-01-19,2016-02-18
155223,CRZO,22.28,*,put,42.5,0.0,20.4,24.0,0,0,0,2018-01-19,2016-02-18
155224,CRZO,22.28,*,call,45.0,3.25,2.95,6.3,0,12,0,2018-01-19,2016-02-18
155225,CRZO,22.28,*,put,45.0,0.0,22.5,26.3,0,0,0,2018-01-19,2016-02-18
155226,CRZO,22.28,*,call,47.5,0.0,2.1,4.5,0,0,0,2018-01-19,2016-02-18
155227,CRZO,22.28,*,put,47.5,0.0,24.7,28.5,0,0,0,2018-01-19,2016-02-18
155228,CRZO,22.28,*,call,50.0,0.0,2.2,4.5,0,0,0,2018-01-19,2016-02-18
155229,CRZO,22.28,*,put,50.0,0.0,26.9,30.5,0,0,0,2018-01-19,2016-02-18
155230,CRZO,22.28,*,call,55.0,3.4,1.7,3.7,0,56,0,2018-01-19,2016-02-18
155231,CRZO,22.28,*,put,55.0,0.0,31.3,35.5,0,0,0,2018-01-19,2016-02-18
231407,ERI,9.6,*,call,5.0,0.0,4.2,5.0,0,0,0,2016-02-19,2016-02-18
231408,ERI,9.6,*,put,5.0,0.0,0.0,0.25,0,0,0,2016-02-19,2016-02-18
231409,ERI,9.6,*,call,7.5,0.0,1.85,2.35,0,0,0,2016-02-19,2016-02-18
231410,ERI,9.6,*,put,7.5,0.0,0.0,0.25,0,0,0,2016-02-19,2016-02-18
231411,ERI,9.6,*,call,10.0,0.0,0.0,0.3,0,0,0,2016-02-19,2016-02-18
231412,ERI,9.6,*,put,10.0,0.0,0.15,0.65,0,0,0,2016-02-19,2016-02-18
231413,ERI,9.6,*,call,12.5,0.0,0.0,0.25,0,0,0,2016-02-19,2016-02-18
231414,ERI,9.6,*,put,12.5,0.0,2.55,3.3,0,0,0,2016-02-19,2016-02-18
231415,ERI,9.6,*,call,15.0,0.0,0.0,0.25,0,0,0,2016-02-19,2016-02-18
231416,ERI,9.6,*,put,15.0,0.0,5.0,5.8,0,0,0,2016-02-19,2016-02-18
231417,ERI,9.6,*,call,7.5,1.8,1.85,2.65,0,5,0,2016-03-18,2016-02-18
231418,ERI,9.6,*,put,7.5,0.0,0.0,0.3,0,0,0,2016-03-18,2016-02-18
231419,ERI,9.6,*,call,10.0,0.55,0.25,0.65,0,253,0,2016-03-18,2016-02-18
231420,ERI,9.6,*,put,10.0,1.1,0.65,1.0,0,140,0,2016-03-18,2016-02-18
231421,ERI,9.6,*,call,12.5,0.5,0.0,0.3,0,31,0,2016-03-18,2016-02-18
231422,ERI,9.6,*,put,12.5,2.4,2.5,3.4,0,10,0,2016-03-18,2016-02-18
231423,ERI,9.6,*,call,5.0,4.5,4.2,5.2,0,0,0,2016-06-17,2016-02-18
231424,ERI,9.6,*,put,5.0,0.0,0.0,0.4,0,0,0,2016-06-17,2016-02-18
231425,ERI,9.6,*,call,7.5,2.65,2.15,2.75,0,3,0,2016-06-17,2016-02-18
231426,ERI,9.6,*,put,7.5,0.0,0.0,0.7,0,0,0,2016-06-17,2016-02-18
231427,ERI,9.6,*,call,10.0,1.4,0.75,1.3,0,36,0,2016-06-17,2016-02-18
231428,ERI,9.6,*,put,10.0,0.0,1.05,1.6,0,0,0,2016-06-17,2016-02-18
231429,ERI,9.6,*,call,12.5,0.72,0.0,0.65,0,3,0,2016-06-17,2016-02-18
231430,ERI,9.6,*,put,12.5,3.6,2.75,3.6,0,20,0,2016-06-17,2016-02-18
231431,ERI,9.6,*,call,15.0,0.0,0.0,0.5,0,0,0,2016-06-17,2016-02-18
231432,ERI,9.6,*,put,15.0,0.0,5.0,5.9,0,0,0,2016-06-17,2016-02-18
231433,ERI,9.6,*,call,5.0,0.0,3.9,5.5,0,0,0,2016-09-16,2016-02-18
231434,ERI,9.6,*,put,5.0,0.0,0.0,0.6,0,0,0,2016-09-16,2016-02-18
231435,ERI,9.6,*,call,7.5,0.0,2.2,3.5,0,0,0,2016-09-16,2016-02-18
231436,ERI,9.6,*,put,7.5,0.0,0.15,1.05,0,0,0,2016-09-16,2016-02-18
231437,ERI,9.6,*,call,10.0,1.65,0.9,1.7,0,7,0,2016-09-16,2016-02-18
231438,ERI,9.6,*,put,10.0,0.0,1.25,2.1,0,0,0,2016-09-16,2016-02-18
231439,ERI,9.6,*,call,12.5,0.9,0.2,1.05,0,3,0,2016-09-16,2016-02-18
231440,ERI,9.6,*,put,12.5,0.0,2.8,4.1,0,0,0,2016-09-16,2016-02-18
231441,ERI,9.6,*,call,15.0,0.0,0.0,0.75,0,0,0,2016-09-16,2016-02-18
231442,ERI,9.6,*,put,15.0,0.0,4.9,6.4,0,0,0,2016-09-16,2016-02-18
366739,INCY,71.02,*,call,40.0,0.0,30.4,33.4,0,0,0,2016-02-19,2016-02-18
366740,INCY,71.02,*,put,40.0,0.0,0.0,0.15,0,0,0,2016-02-19,2016-02-18
366741,INCY,71.02,*,call,42.5,0.0,27.7,30.9,0,0,0,2016-02-19,2016-02-18
366742,INCY,71.02,*,put,42.5,0.0,0.0,0.15,0,0,0,2016-02-19,2016-02-18
366743,INCY,71.02,*,call,45.0,0.0,25.2,28.3,0,0,0,2016-02-19,2016-02-18
366744,INCY,71.02,*,put,45.0,0.3,0.0,0.05,0,20,0,2016-02-19,2016-02-18
366745,INCY,71.02,*,call,47.5,0.0,22.9,25.9,0,0,0,2016-02-19,2016-02-18
366746,INCY,71.02,*,put,47.5,0.0,0.0,0.15,0,0,0,2016-02-19,2016-02-18
366747,INCY,71.02,*,call,50.0,13.0,20.4,23.4,0,0,0,2016-02-19,2016-02-18
366748,INCY,71.02,*,put,50.0,0.2,0.0,0.1,0,20,0,2016-02-19,2016-02-18
366749,INCY,71.02,*,call,55.0,9.2,15.3,18.1,0,35,0,2016-02-19,2016-02-18
366750,INCY,71.02,*,put,55.0,0.5,0.0,0.3,0,35,0,2016-02-19,2016-02-18
366751,INCY,71.02,*,call,57.5,0.0,12.7,15.6,0,0,0,2016-02-19,2016-02-18
366752,INCY,71.02,*,put,57.5,0.0,0.0,0.65,0,0,0,2016-02-19,2016-02-18
366753,INCY,71.02,*,call,60.0,5.75,10.6,13.1,0,120,0,2016-02-19,2016-02-18
366754,INCY,71.02,*,put,60.0,0.2,0.0,0.5,0,80,0,2016-02-19,2016-02-18
366755,INCY,71.02,*,call,62.5,5.1,7.8,10.6,0,85,0,2016-02-19,2016-02-18
366756,INCY,71.02,*,put,62.5,1.43,0.0,0.5,0,1,0,2016-02-19,2016-02-18
366757,INCY,71.02,*,call,65.0,6.62,4.5,8.1,0,5,0,2016-02-19,2016-02-18
366758,INCY,71.02,*,put,65.0,5.5,0.0,1.0,0,29,0,2016-02-19,2016-02-18
366759,INCY,71.02,*,call,67.5,4.37,3.2,5.6,0,22,0,2016-02-19,2016-02-18
366760,INCY,71.02,*,put,67.5,0.43,0.0,2.2,0,16,0,2016-02-19,2016-02-18
366761,INCY,71.02,*,call,70.0,3.2,1.4,3.0,1,267,0,2016-02-19,2016-02-18
366762,INCY,71.02,*,put,70.0,0.65,0.45,1.1,214,252,0,2016-02-19,2016-02-18
366763,INCY,71.02,*,call,72.5,1.0,0.2,1.0,10,57,0,2016-02-19,2016-02-18
366764,INCY,71.02,*,put,72.5,0.9,0.05,2.5,0,8,0,2016-02-19,2016-02-18
366765,INCY,71.02,*,call,75.0,1.4,0.0,2.4,0,117,0,2016-02-19,2016-02-18
366766,INCY,71.02,*,put,75.0,3.08,3.1,4.6,2,23,0,2016-02-19,2016-02-18
366767,INCY,71.02,*,call,77.5,0.75,0.0,0.65,0,21,0,2016-02-19,2016-02-18
366768,INCY,71.02,*,put,77.5,0.0,5.2,7.3,0,0,0,2016-02-19,2016-02-18
366769,INCY,71.02,*,call,80.0,0.3,0.0,0.2,0,930,0,2016-02-19,2016-02-18
366770,INCY,71.02,*,put,80.0,7.98,7.8,9.6,17,59,0,2016-02-19,2016-02-18
366771,INCY,71.02,*,call,82.5,0.25,0.0,0.25,0,22,0,2016-02-19,2016-02-18
366772,INCY,71.02,*,put,82.5,0.0,9.2,12.7,0,0,0,2016-02-19,2016-02-18
366773,INCY,71.02,*,call,85.0,0.15,0.0,0.2,5,36,0,2016-02-19,2016-02-18
366774,INCY,71.02,*,put,85.0,21.02,11.6,14.7,0,43,0,2016-02-19,2016-02-18
366775,INCY,71.02,*,call,87.5,0.4,0.0,0.25,0,283,0,2016-02-19,2016-02-18
366776,INCY,71.02,*,put,87.5,0.0,14.1,17.5,0,0,0,2016-02-19,2016-02-18
366777,INCY,71.02,*,call,90.0,0.05,0.0,0.15,4,61,0,2016-02-19,2016-02-18
366778,INCY,71.02,*,put,90.0,23.42,16.7,19.7,0,12,0,2016-02-19,2016-02-18
366779,INCY,71.02,*,call,92.5,1.5,0.0,0.15,0,26,0,2016-02-19,2016-02-18
366780,INCY,71.02,*,put,92.5,21.12,19.1,22.1,0,1,0,2016-02-19,2016-02-18
366781,INCY,71.02,*,call,95.0,0.2,0.0,0.15,0,248,0,2016-02-19,2016-02-18
366782,INCY,71.02,*,put,95.0,21.04,21.6,24.6,0,129,0,2016-02-19,2016-02-18
366783,INCY,71.02,*,call,97.5,0.0,0.0,0.15,0,0,0,2016-02-19,2016-02-18
366784,INCY,71.02,*,put,97.5,19.48,24.1,27.2,0,2,0,2016-02-19,2016-02-18
366785,INCY,71.02,*,call,100.0,0.02,0.0,0.15,0,147,0,2016-02-19,2016-02-18
366786,INCY,71.02,*,put,100.0,37.99,26.6,29.6,0,10,0,2016-02-19,2016-02-18
366787,INCY,71.02,*,call,105.0,0.4,0.0,0.15,0,1,0,2016-02-19,2016-02-18
366788,INCY,71.02,*,put,105.0,33.48,31.6,34.6,0,1,0,2016-02-19,2016-02-18
366789,INCY,71.02,*,call,110.0,0.05,0.0,0.15,0,17,0,2016-02-19,2016-02-18
366790,INCY,71.02,*,put,110.0,39.4,36.6,39.7,0,2,0,2016-02-19,2016-02-18
366791,INCY,71.02,*,call,115.0,1.2,0.0,0.15,0,13,0,2016-02-19,2016-02-18
366792,INCY,71.02,*,put,115.0,0.0,41.6,44.6,0,0,0,2016-02-19,2016-02-18
366793,INCY,71.02,*,call,120.0,2.9,0.0,0.15,0,15,0,2016-02-19,2016-02-18
366794,INCY,71.02,*,put,120.0,0.0,46.6,49.6,0,0,0,2016-02-19,2016-02-18
366795,INCY,71.02,*,call,125.0,0.55,0.0,0.15,0,501,0,2016-02-19,2016-02-18
366796,INCY,71.02,*,put,125.0,0.0,51.6,54.7,0,0,0,2016-02-19,2016-02-18
366797,INCY,71.02,*,call,130.0,0.6,0.0,0.15,0,60,0,2016-02-19,2016-02-18
366798,INCY,71.02,*,put,130.0,0.0,56.7,59.6,0,0,0,2016-02-19,2016-02-18
366799,INCY,71.02,*,call,135.0,1.5,0.0,0.15,0,5,0,2016-02-19,2016-02-18
366800,INCY,71.02,*,put,135.0,0.0,61.6,64.6,0,0,0,2016-02-19,2016-02-18
366801,INCY,71.02,*,call,140.0,0.0,0.0,0.15,0,0,0,2016-02-19,2016-02-18
366802,INCY,71.02,*,put,140.0,0.0,66.6,69.6,0,0,0,2016-02-19,2016-02-18
366803,INCY,71.02,*,call,145.0,0.0,0.0,0.15,0,0,0,2016-02-19,2016-02-18
366804,INCY,71.02,*,put,145.0,0.0,71.6,74.6,0,0,0,2016-02-19,2016-02-18
366805,INCY,71.02,*,call,150.0,0.1,0.0,0.15,0,5,0,2016-02-19,2016-02-18
366806,INCY,71.02,*,put,150.0,0.0,76.6,79.6,0,0,0,2016-02-19,2016-02-18
366807,INCY,71.02,*,call,155.0,0.1,0.0,0.15,0,5,0,2016-02-19,2016-02-18
366808,INCY,71.02,*,put,155.0,0.0,81.6,84.6,0,0,0,2016-02-19,2016-02-18
366809,INCY,71.02,*,call,160.0,0.0,0.0,0.15,0,0,0,2016-02-19,2016-02-18
366810,INCY,71.02,*,put,160.0,0.0,86.6,89.6,0,0,0,2016-02-19,2016-02-18
366811,INCY,71.02,*,call,165.0,0.0,0.0,0.15,0,0,0,2016-02-19,2016-02-18
366812,INCY,71.02,*,put,165.0,0.0,91.6,94.6,0,0,0,2016-02-19,2016-02-18
366813,INCY,71.02,*,call,170.0,0.0,0.0,0.15,0,0,0,2016-02-19,2016-02-18
366814,INCY,71.02,*,put,170.0,0.0,96.6,99.6,0,0,0,2016-02-19,2016-02-18
366815,INCY,71.02,*,call,35.0,0.0,35.4,38.4,0,0,0,2016-03-18,2016-02-18
366816,INCY,71.02,*,put,35.0,0.0,0.0,1.15,0,0,0,2016-03-18,2016-02-18
366817,INCY,71.02,*,call,37.5,0.0,33.0,36.0,0,0,0,2016-03-18,2016-02-18
366818,INCY,71.02,*,put,37.5,0.0,0.0,0.5,0,0,0,2016-03-18,2016-02-18
366819,INCY,71.02,*,call,40.0,0.0,30.4,33.5,0,0,0,2016-03-18,2016-02-18
366820,INCY,71.02,*,put,40.0,0.1,0.0,0.3,0,2,0,2016-03-18,2016-02-18
366821,INCY,71.02,*,call,42.5,0.0,27.7,31.0,0,0,0,2016-03-18,2016-02-18
366822,INCY,71.02,*,put,42.5,0.0,0.0,0.5,0,0,0,2016-03-18,2016-02-18
366823,INCY,71.02,*,call,45.0,0.0,25.1,28.6,0,0,0,2016-03-18,2016-02-18
366824,INCY,71.02,*,put,45.0,0.0,0.0,0.55,0,0,0,2016-03-18,2016-02-18
366825,INCY,71.02,*,call,47.5,18.0,23.2,26.2,0,0,0,2016-03-18,2016-02-18
366826,INCY,71.02,*,put,47.5,0.6,0.0,1.3,0,1,0,2016-03-18,2016-02-18
366827,INCY,71.02,*,call,50.0,0.0,20.4,23.8,0,0,0,2016-03-18,2016-02-18
366828,INCY,71.02,*,put,50.0,0.35,0.0,2.4,0,660,0,2016-03-18,2016-02-18
366829,INCY,71.02,*,call,55.0,22.0,16.3,19.2,0,6,0,2016-03-18,2016-02-18
366830,INCY,71.02,*,put,55.0,0.75,0.45,1.2,1,81,0,2016-03-18,2016-02-18
366831,INCY,71.02,*,call,57.5,0.0,14.1,17.0,0,0,0,2016-03-18,2016-02-18
366832,INCY,71.02,*,put,57.5,3.0,0.05,3.3,0,5,0,2016-03-18,2016-02-18
366833,INCY,71.02,*,call,60.0,11.88,12.1,14.9,0,1000,0,2016-03-18,2016-02-18
366834,INCY,71.02,*,put,60.0,1.5,1.2,2.05,0,81,0,2016-03-18,2016-02-18
366835,INCY,71.02,*,call,62.5,4.0,10.2,12.9,0,40,0,2016-03-18,2016-02-18
366836,INCY,71.02,*,put,62.5,1.5,0.55,2.5,0,34,0,2016-03-18,2016-02-18
366837,INCY,71.02,*,call,65.0,2.3,8.3,11.2,0,45,0,2016-03-18,2016-02-18
366838,INCY,71.02,*,put,65.0,3.2,1.95,3.4,0,301,0,2016-03-18,2016-02-18
366839,INCY,71.02,*,call,67.5,5.2,6.8,9.6,0,11,0,2016-03-18,2016-02-18
366840,INCY,71.02,*,put,67.5,2.55,1.35,4.1,0,50,0,2016-03-18,2016-02-18
366841,INCY,71.02,*,call,70.0,5.28,5.4,8.1,0,1038,0,2016-03-18,2016-02-18
366842,INCY,71.02,*,put,70.0,4.1,3.6,5.2,35,121,0,2016-03-18,2016-02-18
366843,INCY,71.02,*,call,72.5,8.0,4.2,6.9,0,7,0,2016-03-18,2016-02-18
366844,INCY,71.02,*,put,72.5,4.81,3.6,6.5,2,10,0,2016-03-18,2016-02-18
366845,INCY,71.02,*,call,75.0,3.7,3.2,5.8,30,530,0,2016-03-18,2016-02-18
366846,INCY,71.02,*,put,75.0,6.2,5.1,8.0,1,493,0,2016-03-18,2016-02-18
366847,INCY,71.02,*,call,77.5,4.65,2.4,5.1,0,45,0,2016-03-18,2016-02-18
366848,INCY,71.02,*,put,77.5,7.04,7.6,9.7,0,25,0,2016-03-18,2016-02-18
366849,INCY,71.02,*,call,80.0,2.0,1.45,2.5,10,87,0,2016-03-18,2016-02-18
366850,INCY,71.02,*,put,80.0,9.63,10.0,11.4,2,61,0,2016-03-18,2016-02-18
366851,INCY,71.02,*,call,82.5,1.5,1.05,2.1,1,29,0,2016-03-18,2016-02-18
366852,INCY,71.02,*,put,82.5,11.2,10.6,13.6,0,5,0,2016-03-18,2016-02-18
366853,INCY,71.02,*,call,85.0,1.15,0.9,1.55,31,118,0,2016-03-18,2016-02-18
366854,INCY,71.02,*,put,85.0,23.83,12.7,15.5,0,233,0,2016-03-18,2016-02-18
366855,INCY,71.02,*,call,87.5,1.5,0.45,2.8,0,29,0,2016-03-18,2016-02-18
366856,INCY,71.02,*,put,87.5,17.6,14.9,18.0,0,11,0,2016-03-18,2016-02-18
366857,INCY,71.02,*,call,90.0,1.1,0.25,2.0,0,44,0,2016-03-18,2016-02-18
366858,INCY,71.02,*,put,90.0,23.67,17.2,20.0,0,124,0,2016-03-18,2016-02-18
366859,INCY,71.02,*,call,92.5,0.5,0.0,1.05,2,57,0,2016-03-18,2016-02-18
366860,INCY,71.02,*,put,92.5,18.23,19.5,22.4,0,57,0,2016-03-18,2016-02-18
366861,INCY,71.02,*,call,95.0,0.79,0.05,1.6,0,386,0,2016-03-18,2016-02-18
366862,INCY,71.02,*,put,95.0,22.56,21.9,24.8,30,99,0,2016-03-18,2016-02-18
366863,INCY,71.02,*,call,97.5,0.55,0.1,1.25,0,11,0,2016-03-18,2016-02-18
366864,INCY,71.02,*,put,97.5,28.1,24.3,27.2,0,21,0,2016-03-18,2016-02-18
366865,INCY,71.02,*,call,100.0,0.5,0.1,1.0,0,178,0,2016-03-18,2016-02-18
366866,INCY,71.02,*,put,100.0,26.0,26.8,29.7,0,58,0,2016-03-18,2016-02-18
366867,INCY,71.02,*,call,105.0,0.38,0.1,0.5,0,156,0,2016-03-18,2016-02-18
366868,INCY,71.02,*,put,105.0,39.89,31.7,34.5,0,149,0,2016-03-18,2016-02-18
366869,INCY,71.02,*,call,110.0,0.5,0.05,0.4,0,83,0,2016-03-18,2016-02-18
366870,INCY,71.02,*,put,110.0,44.38,36.7,39.8,0,157,0,2016-03-18,2016-02-18
366871,INCY,71.02,*,call,115.0,0.35,0.05,0.3,0,103,0,2016-03-18,2016-02-18
366872,INCY,71.02,*,put,115.0,35.0,41.6,44.7,0,50,0,2016-03-18,2016-02-18
366873,INCY,71.02,*,call,120.0,0.36,0.05,0.25,0,340,0,2016-03-18,2016-02-18
366874,INCY,71.02,*,put,120.0,54.46,46.7,49.8,0,33,0,2016-03-18,2016-02-18
366875,INCY,71.02,*,call,125.0,0.07,0.05,0.2,0,345,0,2016-03-18,2016-02-18
366876,INCY,71.02,*,put,125.0,39.7,51.6,54.7,0,17,0,2016-03-18,2016-02-18
366877,INCY,71.02,*,call,130.0,0.05,0.0,0.2,0,120,0,2016-03-18,2016-02-18
366878,INCY,71.02,*,put,130.0,50.0,56.6,59.7,0,10,0,2016-03-18,2016-02-18
366879,INCY,71.02,*,call,135.0,0.2,0.0,0.2,0,56,0,2016-03-18,2016-02-18
366880,INCY,71.02,*,put,135.0,33.3,61.7,64.6,0,2,0,2016-03-18,2016-02-18
366881,INCY,71.02,*,call,140.0,0.05,0.0,0.2,0,104,0,2016-03-18,2016-02-18
366882,INCY,71.02,*,put,140.0,0.0,66.7,69.6,0,0,0,2016-03-18,2016-02-18
366883,INCY,71.02,*,call,145.0,0.95,0.0,0.2,0,431,0,2016-03-18,2016-02-18
366884,INCY,71.02,*,put,145.0,0.0,71.6,74.6,0,0,0,2016-03-18,2016-02-18
366885,INCY,71.02,*,call,150.0,0.2,0.0,0.15,0,131,0,2016-03-18,2016-02-18
366886,INCY,71.02,*,put,150.0,0.0,76.7,79.6,0,0,0,2016-03-18,2016-02-18
366887,INCY,71.02,*,call,155.0,2.5,0.0,0.15,0,29,0,2016-03-18,2016-02-18
366888,INCY,71.02,*,put,155.0,0.0,81.7,84.6,0,0,0,2016-03-18,2016-02-18
366889,INCY,71.02,*,call,160.0,0.15,0.0,0.15,0,15,0,2016-03-18,2016-02-18
366890,INCY,71.02,*,put,160.0,0.0,86.7,89.6,0,0,0,2016-03-18,2016-02-18
366891,INCY,71.02,*,call,165.0,0.98,0.0,0.15,0,12,0,2016-03-18,2016-02-18
366892,INCY,71.02,*,put,165.0,0.0,91.6,94.7,0,0,0,2016-03-18,2016-02-18
366893,INCY,71.02,*,call,170.0,2.8,0.0,0.15,0,220,0,2016-03-18,2016-02-18
366894,INCY,71.02,*,put,170.0,62.6,96.6,99.5,0,0,0,2016-03-18,2016-02-18
366895,INCY,71.02,*,call,175.0,1.38,0.0,0.15,0,39,0,2016-03-18,2016-02-18
366896,INCY,71.02,*,put,175.0,0.0,101.7,105.4,0,0,0,2016-03-18,2016-02-18
366897,INCY,71.02,*,call,180.0,2.8,0.0,0.15,0,8,0,2016-03-18,2016-02-18
366898,INCY,71.02,*,put,180.0,0.0,106.7,110.1,0,0,0,2016-03-18,2016-02-18
366899,INCY,71.02,*,call,185.0,4.0,0.0,0.15,0,11,0,2016-03-18,2016-02-18
366900,INCY,71.02,*,put,185.0,0.0,111.6,114.8,0,0,0,2016-03-18,2016-02-18
366901,INCY,71.02,*,call,190.0,0.1,0.0,0.15,0,16,0,2016-03-18,2016-02-18
366902,INCY,71.02,*,put,190.0,0.0,116.6,119.7,0,0,0,2016-03-18,2016-02-18
366903,INCY,71.02,*,call,30.0,0.0,39.7,43.8,0,0,0,2016-06-17,2016-02-18
366904,INCY,71.02,*,put,30.0,0.0,0.0,2.3,0,0,0,2016-06-17,2016-02-18
366905,INCY,71.02,*,call,32.5,0.0,37.1,41.4,0,0,0,2016-06-17,2016-02-18
366906,INCY,71.02,*,put,32.5,0.0,0.0,2.65,0,0,0,2016-06-17,2016-02-18
366907,INCY,71.02,*,call,35.0,0.0,36.1,39.0,0,0,0,2016-06-17,2016-02-18
366908,INCY,71.02,*,put,35.0,0.85,0.0,3.0,0,11,0,2016-06-17,2016-02-18
366909,INCY,71.02,*,call,37.5,0.0,33.0,36.8,0,0,0,2016-06-17,2016-02-18
366910,INCY,71.02,*,put,37.5,0.0,0.05,1.3,0,0,0,2016-06-17,2016-02-18
366911,INCY,71.02,*,call,40.0,0.0,31.3,34.4,0,0,0,2016-06-17,2016-02-18
366912,INCY,71.02,*,put,40.0,1.5,0.3,1.5,0,5,0,2016-06-17,2016-02-18
366913,INCY,71.02,*,call,42.5,0.0,29.0,32.1,0,0,0,2016-06-17,2016-02-18
366914,INCY,71.02,*,put,42.5,0.0,0.25,4.0,0,0,0,2016-06-17,2016-02-18
366915,INCY,71.02,*,call,45.0,16.35,27.2,30.2,0,5,0,2016-06-17,2016-02-18
366916,INCY,71.02,*,put,45.0,2.5,0.85,2.0,0,2,0,2016-06-17,2016-02-18
366917,INCY,71.02,*,call,47.5,0.0,25.1,28.0,0,0,0,2016-06-17,2016-02-18
366918,INCY,71.02,*,put,47.5,2.05,1.2,2.35,0,4,0,2016-06-17,2016-02-18
366919,INCY,71.02,*,call,50.0,30.3,23.0,26.0,0,2,0,2016-06-17,2016-02-18
366920,INCY,71.02,*,put,50.0,2.88,1.5,3.1,0,32,0,2016-06-17,2016-02-18
366921,INCY,71.02,*,call,55.0,10.9,19.4,22.2,0,3,0,2016-06-17,2016-02-18
366922,INCY,71.02,*,put,55.0,3.1,1.9,4.4,3,370,0,2016-06-17,2016-02-18
366923,INCY,71.02,*,call,57.5,0.0,17.7,20.5,0,0,0,2016-06-17,2016-02-18
366924,INCY,71.02,*,put,57.5,4.7,2.5,5.2,0,3,0,2016-06-17,2016-02-18
366925,INCY,71.02,*,call,60.0,13.96,16.0,18.8,0,4,0,2016-06-17,2016-02-18
366926,INCY,71.02,*,put,60.0,7.0,3.1,6.0,0,28,0,2016-06-17,2016-02-18
366927,INCY,71.02,*,call,62.5,19.5,14.5,17.4,0,3,0,2016-06-17,2016-02-18
366928,INCY,71.02,*,put,62.5,5.3,4.1,6.9,0,39,0,2016-06-17,2016-02-18
366929,INCY,71.02,*,call,65.0,5.7,13.0,15.8,0,10,0,2016-06-17,2016-02-18
366930,INCY,71.02,*,put,65.0,6.1,4.9,7.7,0,39,0,2016-06-17,2016-02-18
366931,INCY,71.02,*,call,67.5,14.5,11.7,14.6,0,5,0,2016-06-17,2016-02-18
366932,INCY,71.02,*,put,67.5,8.2,7.6,9.1,4,6,0,2016-06-17,2016-02-18
366933,INCY,71.02,*,call,70.0,14.67,10.3,13.2,0,34,0,2016-06-17,2016-02-18
366934,INCY,71.02,*,put,70.0,8.91,7.5,10.2,30,20,0,2016-06-17,2016-02-18
366935,INCY,71.02,*,call,72.5,8.5,9.1,12.2,0,2,0,2016-06-17,2016-02-18
366936,INCY,71.02,*,put,72.5,0.0,8.9,11.7,0,0,0,2016-06-17,2016-02-18
366937,INCY,71.02,*,call,75.0,10.5,8.1,11.0,1,2002,0,2016-06-17,2016-02-18
366938,INCY,71.02,*,put,75.0,11.03,10.2,12.8,0,44,0,2016-06-17,2016-02-18
366939,INCY,71.02,*,call,77.5,0.0,7.3,10.3,0,0,0,2016-06-17,2016-02-18
366940,INCY,71.02,*,put,77.5,20.54,11.5,14.3,0,307,0,2016-06-17,2016-02-18
366941,INCY,71.02,*,call,80.0,10.0,6.3,9.2,0,56,0,2016-06-17,2016-02-18
366942,INCY,71.02,*,put,80.0,22.69,13.2,16.1,0,84,0,2016-06-17,2016-02-18
366943,INCY,71.02,*,call,82.5,3.6,5.8,8.6,0,3,0,2016-06-17,2016-02-18
366944,INCY,71.02,*,put,82.5,18.6,15.1,17.7,0,5,0,2016-06-17,2016-02-18
366945,INCY,71.02,*,call,85.0,5.36,4.9,7.8,0,339,0,2016-06-17,2016-02-18
366946,INCY,71.02,*,put,85.0,27.6,17.0,19.5,0,30,0,2016-06-17,2016-02-18
366947,INCY,71.02,*,call,87.5,3.0,4.1,7.2,0,6,0,2016-06-17,2016-02-18
366948,INCY,71.02,*,put,87.5,19.6,18.5,21.6,0,5,0,2016-06-17,2016-02-18
366949,INCY,71.02,*,call,90.0,5.51,3.5,6.4,0,716,0,2016-06-17,2016-02-18
366950,INCY,71.02,*,put,90.0,21.0,20.5,23.4,0,10,0,2016-06-17,2016-02-18
366951,INCY,71.02,*,call,92.5,6.5,2.9,5.7,0,2,0,2016-06-17,2016-02-18
366952,INCY,71.02,*,put,92.5,21.78,22.5,25.3,0,30,0,2016-06-17,2016-02-18
366953,INCY,71.02,*,call,95.0,4.2,2.3,5.4,0,11,0,2016-06-17,2016-02-18
366954,INCY,71.02,*,put,95.0,25.19,24.5,27.4,30,115,0,2016-06-17,2016-02-18
366955,INCY,71.02,*,call,97.5,7.0,1.8,5.2,0,1,0,2016-06-17,2016-02-18
366956,INCY,71.02,*,put,97.5,0.0,26.7,29.5,0,0,0,2016-06-17,2016-02-18
366957,INCY,71.02,*,call,100.0,2.4,2.15,4.5,41,211,0,2016-06-17,2016-02-18
366958,INCY,71.02,*,put,100.0,27.0,28.9,31.8,0,111,0,2016-06-17,2016-02-18
366959,INCY,71.02,*,call,105.0,2.0,0.7,4.0,0,30,0,2016-06-17,2016-02-18
366960,INCY,71.02,*,put,105.0,18.8,33.3,36.1,0,11,0,2016-06-17,2016-02-18
366961,INCY,71.02,*,call,110.0,1.69,0.8,3.2,0,17,0,2016-06-17,2016-02-18
366962,INCY,71.02,*,put,110.0,50.3,37.9,40.6,0,44,0,2016-06-17,2016-02-18
366963,INCY,71.02,*,call,115.0,0.5,0.25,2.9,0,72,0,2016-06-17,2016-02-18
366964,INCY,71.02,*,put,115.0,20.2,42.5,45.6,0,1,0,2016-06-17,2016-02-18
366965,INCY,71.02,*,call,120.0,0.8,0.05,3.5,0,292,0,2016-06-17,2016-02-18
366966,INCY,71.02,*,put,120.0,28.1,47.3,50.1,0,1,0,2016-06-17,2016-02-18
366967,INCY,71.02,*,call,125.0,0.75,0.05,2.95,0,43,0,2016-06-17,2016-02-18
366968,INCY,71.02,*,put,125.0,0.0,52.1,54.9,0,0,0,2016-06-17,2016-02-18
366969,INCY,71.02,*,call,130.0,0.6,0.05,1.3,0,85,0,2016-06-17,2016-02-18
366970,INCY,71.02,*,put,130.0,0.0,56.9,59.8,0,0,0,2016-06-17,2016-02-18
366971,INCY,71.02,*,call,135.0,0.0,0.0,2.3,0,0,0,2016-06-17,2016-02-18
366972,INCY,71.02,*,put,135.0,0.0,61.9,64.7,0,0,0,2016-06-17,2016-02-18
366973,INCY,71.02,*,call,140.0,2.4,0.0,1.6,0,12,0,2016-06-17,2016-02-18
366974,INCY,71.02,*,put,140.0,0.0,66.7,69.9,0,0,0,2016-06-17,2016-02-18
366975,INCY,71.02,*,call,145.0,1.35,0.0,1.65,0,80,0,2016-06-17,2016-02-18
366976,INCY,71.02,*,put,145.0,0.0,71.7,75.0,0,0,0,2016-06-17,2016-02-18
366977,INCY,71.02,*,call,150.0,1.9,0.0,0.95,0,21,0,2016-06-17,2016-02-18
366978,INCY,71.02,*,put,150.0,0.0,76.7,79.9,0,0,0,2016-06-17,2016-02-18
366979,INCY,71.02,*,call,155.0,6.7,0.0,1.35,0,20,0,2016-06-17,2016-02-18
366980,INCY,71.02,*,put,155.0,53.5,81.6,84.9,0,5,0,2016-06-17,2016-02-18
366981,INCY,71.02,*,call,160.0,1.75,0.0,1.2,0,43,0,2016-06-17,2016-02-18
366982,INCY,71.02,*,put,160.0,0.0,86.6,89.9,0,0,0,2016-06-17,2016-02-18
366983,INCY,71.02,*,call,165.0,0.42,0.0,1.0,0,69,0,2016-06-17,2016-02-18
366984,INCY,71.02,*,put,165.0,0.0,91.6,95.6,0,0,0,2016-06-17,2016-02-18
366985,INCY,71.02,*,call,170.0,0.29,0.0,0.9,0,11,0,2016-06-17,2016-02-18
366986,INCY,71.02,*,put,170.0,0.0,96.6,99.9,0,0,0,2016-06-17,2016-02-18
366987,INCY,71.02,*,call,30.0,0.0,40.7,44.2,0,0,0,2016-09-16,2016-02-18
366988,INCY,71.02,*,put,30.0,0.0,0.0,3.4,0,0,0,2016-09-16,2016-02-18
366989,INCY,71.02,*,call,32.5,0.0,38.0,42.0,0,0,0,2016-09-16,2016-02-18
366990,INCY,71.02,*,put,32.5,0.0,0.05,3.8,0,0,0,2016-09-16,2016-02-18
366991,INCY,71.02,*,call,35.0,0.0,36.9,39.8,0,0,0,2016-09-16,2016-02-18
366992,INCY,71.02,*,put,35.0,1.7,0.2,1.65,0,2,0,2016-09-16,2016-02-18
366993,INCY,71.02,*,call,37.5,0.0,34.5,37.7,0,0,0,2016-09-16,2016-02-18
366994,INCY,71.02,*,put,37.5,0.0,0.5,4.8,0,0,0,2016-09-16,2016-02-18
366995,INCY,71.02,*,call,40.0,0.0,32.6,35.5,0,0,0,2016-09-16,2016-02-18
366996,INCY,71.02,*,put,40.0,0.0,0.8,4.0,0,0,0,2016-09-16,2016-02-18
366997,INCY,71.02,*,call,42.5,0.0,30.8,33.7,0,0,0,2016-09-16,2016-02-18
366998,INCY,71.02,*,put,42.5,0.0,1.1,4.9,0,0,0,2016-09-16,2016-02-18
366999,INCY,71.02,*,call,45.0,0.0,28.7,31.7,0,0,0,2016-09-16,2016-02-18
367000,INCY,71.02,*,put,45.0,0.0,1.3,4.6,0,0,0,2016-09-16,2016-02-18
367001,INCY,71.02,*,call,47.5,0.0,26.9,29.9,0,0,0,2016-09-16,2016-02-18
367002,INCY,71.02,*,put,47.5,0.0,1.9,5.1,0,0,0,2016-09-16,2016-02-18
367003,INCY,71.02,*,call,50.0,0.0,25.1,28.0,0,0,0,2016-09-16,2016-02-18
367004,INCY,71.02,*,put,50.0,0.0,3.6,5.7,0,0,0,2016-09-16,2016-02-18
367005,INCY,71.02,*,call,55.0,0.0,21.7,24.7,0,0,0,2016-09-16,2016-02-18
367006,INCY,71.02,*,put,55.0,0.0,4.6,7.0,0,0,0,2016-09-16,2016-02-18
367007,INCY,71.02,*,call,57.5,0.0,20.1,23.1,0,0,0,2016-09-16,2016-02-18
367008,INCY,71.02,*,put,57.5,0.0,5.7,7.8,0,0,0,2016-09-16,2016-02-18
367009,INCY,71.02,*,call,60.0,9.67,18.3,21.6,0,15,0,2016-09-16,2016-02-18
367010,INCY,71.02,*,put,60.0,9.17,6.2,8.7,0,7,0,2016-09-16,2016-02-18
367011,INCY,71.02,*,call,62.5,0.0,16.9,20.1,0,0,0,2016-09-16,2016-02-18
367012,INCY,71.02,*,put,62.5,0.0,7.4,9.5,0,0,0,2016-09-16,2016-02-18
367013,INCY,71.02,*,call,65.0,16.71,15.8,18.8,0,18,0,2016-09-16,2016-02-18
367014,INCY,71.02,*,put,65.0,10.86,8.3,10.6,0,60,0,2016-09-16,2016-02-18
367015,INCY,71.02,*,call,67.5,0.0,14.3,17.5,0,0,0,2016-09-16,2016-02-18
367016,INCY,71.02,*,put,67.5,0.0,9.5,11.7,0,0,0,2016-09-16,2016-02-18
367017,INCY,71.02,*,call,70.0,17.8,13.4,16.4,0,1,0,2016-09-16,2016-02-18
367018,INCY,71.02,*,put,70.0,0.0,10.9,13.1,0,0,0,2016-09-16,2016-02-18
367019,INCY,71.02,*,call,72.5,0.0,12.1,15.3,0,0,0,2016-09-16,2016-02-18
367020,INCY,71.02,*,put,72.5,0.0,12.3,14.7,0,0,0,2016-09-16,2016-02-18
367021,INCY,71.02,*,call,75.0,5.9,11.3,14.2,0,6,0,2016-09-16,2016-02-18
367022,INCY,71.02,*,put,75.0,16.03,13.7,15.8,0,6,0,2016-09-16,2016-02-18
367023,INCY,71.02,*,call,77.5,0.0,10.3,13.3,0,0,0,2016-09-16,2016-02-18
367024,INCY,71.02,*,put,77.5,14.64,15.3,17.5,0,2,0,2016-09-16,2016-02-18
367025,INCY,71.02,*,call,80.0,9.0,9.4,12.4,0,9,0,2016-09-16,2016-02-18
367026,INCY,71.02,*,put,80.0,28.3,16.9,19.0,0,20,0,2016-09-16,2016-02-18
367027,INCY,71.02,*,call,82.5,0.0,8.5,11.5,0,0,0,2016-09-16,2016-02-18
367028,INCY,71.02,*,put,82.5,0.0,18.5,21.0,0,0,0,2016-09-16,2016-02-18
367029,INCY,71.02,*,call,85.0,7.5,7.7,10.8,0,1,0,2016-09-16,2016-02-18
367030,INCY,71.02,*,put,85.0,31.5,20.3,22.5,0,2,0,2016-09-16,2016-02-18
367031,INCY,71.02,*,call,90.0,5.7,6.3,9.4,0,2,0,2016-09-16,2016-02-18
367032,INCY,71.02,*,put,90.0,23.78,23.9,26.4,0,2,0,2016-09-16,2016-02-18
367033,INCY,71.02,*,call,95.0,5.0,5.2,8.2,0,5,0,2016-09-16,2016-02-18
367034,INCY,71.02,*,put,95.0,39.7,27.7,29.9,0,7,0,2016-09-16,2016-02-18
367035,INCY,71.02,*,call,100.0,0.0,4.4,6.8,0,0,0,2016-09-16,2016-02-18
367036,INCY,71.02,*,put,100.0,43.5,31.7,33.9,0,10,0,2016-09-16,2016-02-18
367037,INCY,71.02,*,call,105.0,6.5,3.5,6.1,0,4,0,2016-09-16,2016-02-18
367038,INCY,71.02,*,put,105.0,48.8,35.9,38.0,0,5,0,2016-09-16,2016-02-18
367039,INCY,71.02,*,call,110.0,0.0,2.7,5.3,0,0,0,2016-09-16,2016-02-18
367040,INCY,71.02,*,put,110.0,0.0,40.1,42.6,0,0,0,2016-09-16,2016-02-18
367041,INCY,71.02,*,call,115.0,0.0,2.3,4.5,0,0,0,2016-09-16,2016-02-18
367042,INCY,71.02,*,put,115.0,0.0,44.5,46.8,0,0,0,2016-09-16,2016-02-18
367043,INCY,71.02,*,call,120.0,3.9,1.3,4.7,0,8,0,2016-09-16,2016-02-18
367044,INCY,71.02,*,put,120.0,0.0,48.9,52.6,0,0,0,2016-09-16,2016-02-18
367045,INCY,71.02,*,call,30.0,0.0,41.0,45.4,0,0,0,2016-12-16,2016-02-18
367046,INCY,71.02,*,put,30.0,0.0,0.1,4.9,0,0,0,2016-12-16,2016-02-18
367047,INCY,71.02,*,call,32.5,0.0,39.3,43.4,0,0,0,2016-12-16,2016-02-18
367048,INCY,71.02,*,put,32.5,0.0,0.6,4.9,0,0,0,2016-12-16,2016-02-18
367049,INCY,71.02,*,call,35.0,0.0,37.0,41.4,0,0,0,2016-12-16,2016-02-18
367050,INCY,71.02,*,put,35.0,2.62,0.5,4.2,0,3,0,2016-12-16,2016-02-18
367051,INCY,71.02,*,call,37.5,0.0,35.4,39.6,0,0,0,2016-12-16,2016-02-18
367052,INCY,71.02,*,put,37.5,3.22,2.0,4.9,0,5,0,2016-12-16,2016-02-18
367053,INCY,71.02,*,call,40.0,0.0,34.1,37.6,0,0,0,2016-12-16,2016-02-18
367054,INCY,71.02,*,put,40.0,0.0,2.0,5.9,0,0,0,2016-12-16,2016-02-18
367055,INCY,71.02,*,call,42.5,0.0,32.2,35.7,0,0,0,2016-12-16,2016-02-18
367056,INCY,71.02,*,put,42.5,0.0,2.3,5.3,0,0,0,2016-12-16,2016-02-18
367057,INCY,71.02,*,call,45.0,0.0,30.4,34.0,0,0,0,2016-12-16,2016-02-18
367058,INCY,71.02,*,put,45.0,4.6,3.1,5.9,0,19,0,2016-12-16,2016-02-18
367059,INCY,71.02,*,call,47.5,45.3,28.3,32.3,0,1,0,2016-12-16,2016-02-18
367060,INCY,71.02,*,put,47.5,5.1,4.4,6.0,0,10,0,2016-12-16,2016-02-18
367061,INCY,71.02,*,call,50.0,28.9,27.1,30.6,2,24,0,2016-12-16,2016-02-18
367062,INCY,71.02,*,put,50.0,4.7,5.1,7.1,0,26,0,2016-12-16,2016-02-18
367063,INCY,71.02,*,call,55.0,16.0,24.0,27.4,0,26,0,2016-12-16,2016-02-18
367064,INCY,71.02,*,put,55.0,8.42,6.5,8.8,0,2044,0,2016-12-16,2016-02-18
367065,INCY,71.02,*,call,57.5,0.0,22.2,25.9,0,0,0,2016-12-16,2016-02-18
367066,INCY,71.02,*,put,57.5,0.0,7.5,9.8,0,0,0,2016-12-16,2016-02-18
367067,INCY,71.02,*,call,60.0,22.14,20.8,24.4,0,14,0,2016-12-16,2016-02-18
367068,INCY,71.02,*,put,60.0,15.85,8.5,10.8,0,3,0,2016-12-16,2016-02-18
367069,INCY,71.02,*,call,62.5,0.0,19.6,23.3,0,0,0,2016-12-16,2016-02-18
367070,INCY,71.02,*,put,62.5,0.0,9.7,12.1,0,0,0,2016-12-16,2016-02-18
367071,INCY,71.02,*,call,65.0,21.28,18.0,21.9,0,5,0,2016-12-16,2016-02-18
367072,INCY,71.02,*,put,65.0,14.0,10.9,13.2,0,13,0,2016-12-16,2016-02-18
367073,INCY,71.02,*,call,67.5,0.0,17.1,20.7,0,0,0,2016-12-16,2016-02-18
367074,INCY,71.02,*,put,67.5,12.75,12.1,14.4,0,13,0,2016-12-16,2016-02-18
367075,INCY,71.02,*,call,70.0,11.55,15.8,19.5,0,25,0,2016-12-16,2016-02-18
367076,INCY,71.02,*,put,70.0,23.9,13.5,15.8,0,21,0,2016-12-16,2016-02-18
367077,INCY,71.02,*,call,72.5,0.0,14.5,18.4,0,0,0,2016-12-16,2016-02-18
367078,INCY,71.02,*,put,72.5,13.7,14.7,17.1,0,4,0,2016-12-16,2016-02-18
367079,INCY,71.02,*,call,75.0,14.84,14.1,17.3,0,2026,0,2016-12-16,2016-02-18
367080,INCY,71.02,*,put,75.0,20.5,16.1,18.2,0,40,0,2016-12-16,2016-02-18
367081,INCY,71.02,*,call,77.5,17.03,13.0,16.3,0,1,0,2016-12-16,2016-02-18
367082,INCY,71.02,*,put,77.5,0.0,17.8,19.8,0,0,0,2016-12-16,2016-02-18
367083,INCY,71.02,*,call,80.0,15.6,12.1,15.4,0,58,0,2016-12-16,2016-02-18
367084,INCY,71.02,*,put,80.0,20.1,19.2,21.3,4,25,0,2016-12-16,2016-02-18
367085,INCY,71.02,*,call,82.5,13.5,11.3,14.4,0,2,0,2016-12-16,2016-02-18
367086,INCY,71.02,*,put,82.5,0.0,20.7,23.7,0,0,0,2016-12-16,2016-02-18
367087,INCY,71.02,*,call,85.0,8.51,10.4,13.6,0,45,0,2016-12-16,2016-02-18
367088,INCY,71.02,*,put,85.0,23.9,22.7,25.1,0,24,0,2016-12-16,2016-02-18
367089,INCY,71.02,*,call,87.5,0.0,9.3,12.8,0,0,0,2016-12-16,2016-02-18
367090,INCY,71.02,*,put,87.5,0.0,24.4,26.9,0,0,0,2016-12-16,2016-02-18
367091,INCY,71.02,*,call,90.0,12.1,8.5,12.0,0,39,0,2016-12-16,2016-02-18
367092,INCY,71.02,*,put,90.0,16.9,26.1,28.8,0,21,0,2016-12-16,2016-02-18
367093,INCY,71.02,*,call,92.5,9.05,7.8,11.2,0,70,0,2016-12-16,2016-02-18
367094,INCY,71.02,*,put,92.5,0.0,27.5,30.5,0,0,0,2016-12-16,2016-02-18
367095,INCY,71.02,*,call,95.0,7.5,7.1,10.6,0,69,0,2016-12-16,2016-02-18
367096,INCY,71.02,*,put,95.0,21.37,29.7,32.5,0,28,0,2016-12-16,2016-02-18
367097,INCY,71.02,*,call,97.5,31.63,6.8,10.0,0,4,0,2016-12-16,2016-02-18
367098,INCY,71.02,*,put,97.5,38.09,31.1,34.3,0,54,0,2016-12-16,2016-02-18
367099,INCY,71.02,*,call,100.0,6.9,6.4,9.4,0,2179,0,2016-12-16,2016-02-18
367100,INCY,71.02,*,put,100.0,34.0,33.1,36.2,0,75,0,2016-12-16,2016-02-18
367101,INCY,71.02,*,call,105.0,5.0,5.2,8.2,0,92,0,2016-12-16,2016-02-18
367102,INCY,71.02,*,put,105.0,42.62,37.0,39.8,0,42,0,2016-12-16,2016-02-18
367103,INCY,71.02,*,call,110.0,5.87,4.2,7.4,0,21,0,2016-12-16,2016-02-18
367104,INCY,71.02,*,put,110.0,41.0,41.2,44.4,0,26,0,2016-12-16,2016-02-18
367105,INCY,71.02,*,call,115.0,3.8,3.3,6.6,0,32,0,2016-12-16,2016-02-18
367106,INCY,71.02,*,put,115.0,0.0,45.5,48.5,0,0,0,2016-12-16,2016-02-18
367107,INCY,71.02,*,call,120.0,2.8,2.5,5.8,0,175,0,2016-12-16,2016-02-18
367108,INCY,71.02,*,put,120.0,55.88,49.8,53.0,0,561,0,2016-12-16,2016-02-18
367109,INCY,71.02,*,call,125.0,2.85,2.95,5.2,0,37,0,2016-12-16,2016-02-18
367110,INCY,71.02,*,put,125.0,36.06,54.2,57.3,0,62,0,2016-12-16,2016-02-18
367111,INCY,71.02,*,call,130.0,1.4,1.3,4.9,0,44,0,2016-12-16,2016-02-18
367112,INCY,71.02,*,put,130.0,74.6,58.7,62.0,0,25,0,2016-12-16,2016-02-18
367113,INCY,71.02,*,call,135.0,16.5,0.8,3.6,0,31,0,2016-12-16,2016-02-18
367114,INCY,71.02,*,put,135.0,39.6,63.2,66.9,0,20,0,2016-12-16,2016-02-18
367115,INCY,71.02,*,call,140.0,2.5,0.45,2.65,0,47,0,2016-12-16,2016-02-18
367116,INCY,71.02,*,put,140.0,0.0,68.0,71.6,0,0,0,2016-12-16,2016-02-18
367117,INCY,71.02,*,call,145.0,5.0,0.2,2.35,0,11,0,2016-12-16,2016-02-18
367118,INCY,71.02,*,put,145.0,0.0,72.7,76.1,0,0,0,2016-12-16,2016-02-18
367119,INCY,71.02,*,call,150.0,2.7,0.05,4.6,0,521,0,2016-12-16,2016-02-18
367120,INCY,71.02,*,put,150.0,83.2,77.6,80.7,0,22,0,2016-12-16,2016-02-18
367121,INCY,71.02,*,call,155.0,2.0,0.05,4.9,0,3,0,2016-12-16,2016-02-18
367122,INCY,71.02,*,put,155.0,0.0,82.2,85.6,0,0,0,2016-12-16,2016-02-18
367123,INCY,71.02,*,call,160.0,1.75,0.1,4.9,0,25,0,2016-12-16,2016-02-18
367124,INCY,71.02,*,put,160.0,67.9,87.3,90.6,0,15,0,2016-12-16,2016-02-18
367125,INCY,71.02,*,call,165.0,1.5,0.05,4.9,0,35,0,2016-12-16,2016-02-18
367126,INCY,71.02,*,put,165.0,92.8,91.9,96.1,3,0,0,2016-12-16,2016-02-18
367127,INCY,71.02,*,call,170.0,3.3,0.05,4.9,0,15,0,2016-12-16,2016-02-18
367128,INCY,71.02,*,put,170.0,0.0,96.8,101.0,0,0,0,2016-12-16,2016-02-18
367129,INCY,71.02,*,call,175.0,1.39,0.05,4.8,0,45,0,2016-12-16,2016-02-18
367130,INCY,71.02,*,put,175.0,101.4,101.8,106.2,0,42,0,2016-12-16,2016-02-18
367131,INCY,71.02,*,call,180.0,8.7,0.05,4.7,0,57,0,2016-12-16,2016-02-18
367132,INCY,71.02,*,put,180.0,75.6,106.7,110.8,0,10,0,2016-12-16,2016-02-18
367133,INCY,71.02,*,call,185.0,8.05,0.0,4.7,0,44,0,2016-12-16,2016-02-18
367134,INCY,71.02,*,put,185.0,83.2,111.6,115.5,0,5,0,2016-12-16,2016-02-18
367135,INCY,71.02,*,call,190.0,1.18,0.0,1.0,0,47,0,2016-12-16,2016-02-18
367136,INCY,71.02,*,put,190.0,80.0,116.6,120.8,0,5,0,2016-12-16,2016-02-18
367137,INCY,71.02,*,call,30.0,0.0,44.0,48.8,0,0,0,2018-01-19,2016-02-18
367138,INCY,71.02,*,put,30.0,0.0,3.0,6.5,0,0,0,2018-01-19,2016-02-18
367139,INCY,71.02,*,call,32.5,0.0,43.0,47.1,0,0,0,2018-01-19,2016-02-18
367140,INCY,71.02,*,put,32.5,0.0,2.1,6.9,0,0,0,2018-01-19,2016-02-18
367141,INCY,71.02,*,call,35.0,0.0,41.6,45.4,0,0,0,2018-01-19,2016-02-18
367142,INCY,71.02,*,put,35.0,5.5,3.0,7.8,0,6,0,2018-01-19,2016-02-18
367143,INCY,71.02,*,call,37.5,0.0,39.9,43.9,0,0,0,2018-01-19,2016-02-18
367144,INCY,71.02,*,put,37.5,8.7,2.8,7.2,0,25,0,2018-01-19,2016-02-18
367145,INCY,71.02,*,call,40.0,27.8,38.3,42.3,0,1,0,2018-01-19,2016-02-18
367146,INCY,71.02,*,put,40.0,0.0,6.2,8.2,0,0,0,2018-01-19,2016-02-18
367147,INCY,71.02,*,call,42.5,0.0,36.7,40.9,0,0,0,2018-01-19,2016-02-18
367148,INCY,71.02,*,put,42.5,0.0,5.2,9.1,0,0,0,2018-01-19,2016-02-18
367149,INCY,71.02,*,call,45.0,47.5,35.5,39.5,0,1,0,2018-01-19,2016-02-18
367150,INCY,71.02,*,put,45.0,12.0,6.1,10.1,0,2,0,2018-01-19,2016-02-18
367151,INCY,71.02,*,call,47.5,45.9,33.6,38.1,0,0,0,2018-01-19,2016-02-18
367152,INCY,71.02,*,put,47.5,10.34,7.2,11.1,0,12,0,2018-01-19,2016-02-18
367153,INCY,71.02,*,call,50.0,0.0,32.6,36.8,0,0,0,2018-01-19,2016-02-18
367154,INCY,71.02,*,put,50.0,14.9,8.5,13.2,0,12,0,2018-01-19,2016-02-18
367155,INCY,71.02,*,call,55.0,58.0,30.1,34.4,0,13,0,2018-01-19,2016-02-18
367156,INCY,71.02,*,put,55.0,14.4,11.2,14.4,0,51,0,2018-01-19,2016-02-18
367157,INCY,71.02,*,call,57.5,0.0,29.0,33.2,0,0,0,2018-01-19,2016-02-18
367158,INCY,71.02,*,put,57.5,0.0,12.5,15.7,0,0,0,2018-01-19,2016-02-18
367159,INCY,71.02,*,call,60.0,28.89,27.6,32.1,0,10,0,2018-01-19,2016-02-18
367160,INCY,71.02,*,put,60.0,16.22,13.7,16.9,0,9,0,2018-01-19,2016-02-18
367161,INCY,71.02,*,call,62.5,0.0,26.6,31.1,0,0,0,2018-01-19,2016-02-18
367162,INCY,71.02,*,put,62.5,0.0,15.1,18.3,0,0,0,2018-01-19,2016-02-18
367163,INCY,71.02,*,call,65.0,23.2,25.7,30.0,0,19,0,2018-01-19,2016-02-18
367164,INCY,71.02,*,put,65.0,14.1,16.2,20.7,0,11,0,2018-01-19,2016-02-18
367165,INCY,71.02,*,call,67.5,0.0,24.5,29.0,0,0,0,2018-01-19,2016-02-18
367166,INCY,71.02,*,put,67.5,0.0,17.7,22.0,0,0,0,2018-01-19,2016-02-18
367167,INCY,71.02,*,call,70.0,28.8,23.4,28.0,0,1,0,2018-01-19,2016-02-18
367168,INCY,71.02,*,put,70.0,0.0,19.2,23.2,0,0,0,2018-01-19,2016-02-18
367169,INCY,71.02,*,call,72.5,14.5,22.6,27.2,0,4,0,2018-01-19,2016-02-18
367170,INCY,71.02,*,put,72.5,21.1,20.8,24.7,0,102,0,2018-01-19,2016-02-18
367171,INCY,71.02,*,call,75.0,26.0,21.5,26.0,0,9,0,2018-01-19,2016-02-18
367172,INCY,71.02,*,put,75.0,0.0,22.4,25.6,0,0,0,2018-01-19,2016-02-18
367173,INCY,71.02,*,call,77.5,0.0,20.5,25.0,0,0,0,2018-01-19,2016-02-18
367174,INCY,71.02,*,put,77.5,25.0,24.0,27.3,0,20,0,2018-01-19,2016-02-18
367175,INCY,71.02,*,call,80.0,25.54,19.6,24.5,0,7,0,2018-01-19,2016-02-18
367176,INCY,71.02,*,put,80.0,0.0,25.6,29.4,0,0,0,2018-01-19,2016-02-18
367177,INCY,71.02,*,call,82.5,0.0,18.6,23.5,0,0,0,2018-01-19,2016-02-18
367178,INCY,71.02,*,put,82.5,0.0,27.3,30.8,0,0,0,2018-01-19,2016-02-18
367179,INCY,71.02,*,call,85.0,22.1,18.5,23.0,0,2,0,2018-01-19,2016-02-18
367180,INCY,71.02,*,put,85.0,0.0,29.1,32.4,0,0,0,2018-01-19,2016-02-18
367181,INCY,71.02,*,call,87.5,23.8,17.1,22.0,0,1,0,2018-01-19,2016-02-18
367182,INCY,71.02,*,put,87.5,0.0,30.8,35.0,0,0,0,2018-01-19,2016-02-18
367183,INCY,71.02,*,call,90.0,15.36,17.1,21.6,0,1,0,2018-01-19,2016-02-18
367184,INCY,71.02,*,put,90.0,34.72,32.6,36.0,0,1,0,2018-01-19,2016-02-18
367185,INCY,71.02,*,call,92.5,0.0,16.5,21.0,0,0,0,2018-01-19,2016-02-18
367186,INCY,71.02,*,put,92.5,0.0,34.4,37.4,0,0,0,2018-01-19,2016-02-18
367187,INCY,71.02,*,call,95.0,0.0,15.6,20.2,0,0,0,2018-01-19,2016-02-18
367188,INCY,71.02,*,put,95.0,41.16,36.2,39.2,0,3,0,2018-01-19,2016-02-18
367189,INCY,71.02,*,call,97.5,47.5,15.1,19.7,0,1,0,2018-01-19,2016-02-18
367190,INCY,71.02,*,put,97.5,0.0,38.1,41.0,0,0,0,2018-01-19,2016-02-18
367191,INCY,71.02,*,call,100.0,16.5,14.2,18.8,0,208,0,2018-01-19,2016-02-18
367192,INCY,71.02,*,put,100.0,41.98,39.5,42.9,0,71,0,2018-01-19,2016-02-18
367193,INCY,71.02,*,call,105.0,41.4,13.0,17.5,0,2,0,2018-01-19,2016-02-18
367194,INCY,71.02,*,put,105.0,0.0,43.3,46.8,0,0,0,2018-01-19,2016-02-18
367195,INCY,71.02,*,call,110.0,12.6,12.0,16.5,0,4,0,2018-01-19,2016-02-18
367196,INCY,71.02,*,put,110.0,41.6,47.2,50.7,0,19,0,2018-01-19,2016-02-18
367197,INCY,71.02,*,call,115.0,32.88,10.7,15.5,0,1,0,2018-01-19,2016-02-18
367198,INCY,71.02,*,put,115.0,0.0,51.2,54.7,0,0,0,2018-01-19,2016-02-18
367199,INCY,71.02,*,call,120.0,15.1,9.7,14.5,0,2,0,2018-01-19,2016-02-18
367200,INCY,71.02,*,put,120.0,0.0,55.7,58.6,0,0,0,2018-01-19,2016-02-18
367201,INCY,71.02,*,call,125.0,0.0,8.9,13.5,0,0,0,2018-01-19,2016-02-18
367202,INCY,71.02,*,put,125.0,40.8,59.8,62.9,0,10,0,2018-01-19,2016-02-18
367203,INCY,71.02,*,call,130.0,10.8,8.1,13.0,0,10,0,2018-01-19,2016-02-18
367204,INCY,71.02,*,put,130.0,0.0,64.0,67.1,0,0,0,2018-01-19,2016-02-18
367205,INCY,71.02,*,call,135.0,0.0,7.5,12.0,0,0,0,2018-01-19,2016-02-18
367206,INCY,71.02,*,put,135.0,0.0,68.2,71.4,0,0,0,2018-01-19,2016-02-18
367207,INCY,71.02,*,call,140.0,8.0,6.6,11.0,5,132,0,2018-01-19,2016-02-18
367208,INCY,71.02,*,put,140.0,0.0,72.5,75.6,0,0,0,2018-01-19,2016-02-18
367209,INCY,71.02,*,call,145.0,19.6,6.0,10.5,0,100,0,2018-01-19,2016-02-18
367210,INCY,71.02,*,put,145.0,0.0,76.9,80.1,0,0,0,2018-01-19,2016-02-18
367211,INCY,71.02,*,call,150.0,6.0,5.5,9.0,5,154,0,2018-01-19,2016-02-18
367212,INCY,71.02,*,put,150.0,0.0,81.3,85.5,0,0,0,2018-01-19,2016-02-18
367213,INCY,71.02,*,call,155.0,0.0,5.0,9.5,0,0,0,2018-01-19,2016-02-18
367214,INCY,71.02,*,put,155.0,0.0,85.7,90.0,0,0,0,2018-01-19,2016-02-18
367215,INCY,71.02,*,call,160.0,0.0,4.0,8.9,0,0,0,2018-01-19,2016-02-18
367216,INCY,71.02,*,put,160.0,0.0,90.2,94.5,0,0,0,2018-01-19,2016-02-18
367217,INCY,71.02,*,call,165.0,0.0,3.5,8.3,0,0,0,2018-01-19,2016-02-18
367218,INCY,71.02,*,put,165.0,71.5,94.7,98.8,0,1,0,2018-01-19,2016-02-18
367219,INCY,71.02,*,call,170.0,4.38,3.5,8.0,0,23,0,2018-01-19,2016-02-18
367220,INCY,71.02,*,put,170.0,0.0,99.3,102.9,0,0,0,2018-01-19,2016-02-18
376323,IRBT,30.19,*,call,23.0,10.6,6.2,7.8,0,17,0,2016-02-19,2016-02-18
376324,IRBT,30.19,*,put,23.0,0.0,0.0,0.5,0,0,0,2016-02-19,2016-02-18
376325,IRBT,30.19,*,call,24.0,0.0,5.2,6.8,0,0,0,2016-02-19,2016-02-18
376326,IRBT,30.19,*,put,24.0,0.0,0.0,0.5,0,0,0,2016-02-19,2016-02-18
376327,IRBT,30.19,*,call,25.0,6.2,4.0,5.8,0,0,0,2016-02-19,2016-02-18
376328,IRBT,30.19,*,put,25.0,0.0,0.0,0.45,0,0,0,2016-02-19,2016-02-18
376329,IRBT,30.19,*,call,26.0,0.0,3.0,4.6,0,0,0,2016-02-19,2016-02-18
376330,IRBT,30.19,*,put,26.0,0.2,0.0,0.45,0,17,0,2016-02-19,2016-02-18
376331,IRBT,30.19,*,call,27.0,4.4,2.3,3.8,0,1,0,2016-02-19,2016-02-18
376332,IRBT,30.19,*,put,27.0,0.15,0.0,0.25,0,12,0,2016-02-19,2016-02-18
376333,IRBT,30.19,*,call,28.0,0.0,1.45,2.75,0,0,0,2016-02-19,2016-02-18
376334,IRBT,30.19,*,put,28.0,0.1,0.0,0.5,0,35,0,2016-02-19,2016-02-18
376335,IRBT,30.19,*,call,29.0,0.85,0.75,1.75,0,10,0,2016-02-19,2016-02-18
376336,IRBT,30.19,*,put,29.0,0.1,0.0,0.25,0,85,0,2016-02-19,2016-02-18
376337,IRBT,30.19,*,call,30.0,0.55,0.3,0.5,3,38,0,2016-02-19,2016-02-18
376338,IRBT,30.19,*,put,30.0,0.1,0.1,0.3,0,213,0,2016-02-19,2016-02-18
376339,IRBT,30.19,*,call,31.0,2.75,0.0,0.25,0,19,0,2016-02-19,2016-02-18
376340,IRBT,30.19,*,put,31.0,0.72,0.55,1.65,0,62,0,2016-02-19,2016-02-18
376341,IRBT,30.19,*,call,32.0,0.1,0.0,0.5,0,201,0,2016-02-19,2016-02-18
376342,IRBT,30.19,*,put,32.0,1.75,1.35,2.75,6,94,0,2016-02-19,2016-02-18
376343,IRBT,30.19,*,call,33.0,0.05,0.0,0.1,0,102,0,2016-02-19,2016-02-18
376344,IRBT,30.19,*,put,33.0,1.76,2.25,3.7,0,327,0,2016-02-19,2016-02-18
376345,IRBT,30.19,*,call,34.0,0.17,0.0,0.35,0,247,0,2016-02-19,2016-02-18
376346,IRBT,30.19,*,put,34.0,4.1,3.0,4.4,2,67,0,2016-02-19,2016-02-18
376347,IRBT,30.19,*,call,35.0,0.02,0.0,0.05,0,180,0,2016-02-19,2016-02-18
376348,IRBT,30.19,*,put,35.0,2.8,4.2,5.7,0,174,0,2016-02-19,2016-02-18
376349,IRBT,30.19,*,call,36.0,0.2,0.0,0.5,0,397,0,2016-02-19,2016-02-18
376350,IRBT,30.19,*,put,36.0,1.95,5.2,6.7,0,158,0,2016-02-19,2016-02-18
376351,IRBT,30.19,*,call,37.0,0.22,0.0,0.25,0,257,0,2016-02-19,2016-02-18
376352,IRBT,30.19,*,put,37.0,2.55,6.2,8.5,0,43,0,2016-02-19,2016-02-18
376353,IRBT,30.19,*,call,38.0,0.48,0.0,0.5,0,48,0,2016-02-19,2016-02-18
376354,IRBT,30.19,*,put,38.0,0.0,6.5,9.5,0,0,0,2016-02-19,2016-02-18
376355,IRBT,30.19,*,call,39.0,0.15,0.0,0.5,0,13,0,2016-02-19,2016-02-18
376356,IRBT,30.19,*,put,39.0,0.0,7.1,10.5,0,0,0,2016-02-19,2016-02-18
376357,IRBT,30.19,*,call,40.0,0.05,0.0,0.5,0,4,0,2016-02-19,2016-02-18
376358,IRBT,30.19,*,put,40.0,0.0,8.5,12.0,0,0,0,2016-02-19,2016-02-18
376359,IRBT,30.19,*,call,41.0,0.25,0.0,0.5,0,1,0,2016-02-19,2016-02-18
376360,IRBT,30.19,*,put,41.0,0.0,9.5,12.9,0,0,0,2016-02-19,2016-02-18
376361,IRBT,30.19,*,call,42.0,0.0,0.0,0.5,0,0,0,2016-02-19,2016-02-18
376362,IRBT,30.19,*,put,42.0,0.0,10.5,14.0,0,0,0,2016-02-19,2016-02-18
376363,IRBT,30.19,*,call,43.0,0.0,0.0,0.5,0,0,0,2016-02-19,2016-02-18
376364,IRBT,30.19,*,put,43.0,0.0,11.2,15.0,0,0,0,2016-02-19,2016-02-18
376365,IRBT,30.19,*,call,44.0,0.0,0.0,0.5,0,0,0,2016-02-19,2016-02-18
376366,IRBT,30.19,*,put,44.0,0.0,12.0,16.1,0,0,0,2016-02-19,2016-02-18
376367,IRBT,30.19,*,call,45.0,0.03,0.0,0.5,0,175,0,2016-02-19,2016-02-18
376368,IRBT,30.19,*,put,45.0,0.0,13.2,16.9,0,0,0,2016-02-19,2016-02-18
376369,IRBT,30.19,*,call,46.0,0.0,0.0,0.5,0,0,0,2016-02-19,2016-02-18
376370,IRBT,30.19,*,put,46.0,0.0,15.3,16.5,0,0,0,2016-02-19,2016-02-18
376371,IRBT,30.19,*,call,16.0,0.0,13.3,15.1,0,0,0,2016-03-18,2016-02-18
376372,IRBT,30.19,*,put,16.0,0.0,0.0,0.5,0,0,0,2016-03-18,2016-02-18
376373,IRBT,30.19,*,call,17.0,0.0,11.0,14.5,0,0,0,2016-03-18,2016-02-18
376374,IRBT,30.19,*,put,17.0,0.0,0.0,0.5,0,0,0,2016-03-18,2016-02-18
376375,IRBT,30.19,*,call,18.0,0.0,10.0,13.5,0,0,0,2016-03-18,2016-02-18
376376,IRBT,30.19,*,put,18.0,0.0,0.0,0.5,0,0,0,2016-03-18,2016-02-18
376377,IRBT,30.19,*,call,19.0,0.0,9.0,12.5,0,0,0,2016-03-18,2016-02-18
376378,IRBT,30.19,*,put,19.0,0.0,0.0,0.5,0,0,0,2016-03-18,2016-02-18
376379,IRBT,30.19,*,call,20.0,0.0,9.0,11.5,0,0,0,2016-03-18,2016-02-18
376380,IRBT,30.19,*,put,20.0,0.0,0.0,0.5,0,0,0,2016-03-18,2016-02-18
376381,IRBT,30.19,*,call,21.0,0.0,8.1,10.5,0,0,0,2016-03-18,2016-02-18
376382,IRBT,30.19,*,put,21.0,1.25,0.0,0.5,0,10,0,2016-03-18,2016-02-18
376383,IRBT,30.19,*,call,22.0,0.0,7.2,9.5,0,0,0,2016-03-18,2016-02-18
376384,IRBT,30.19,*,put,22.0,1.4,0.0,0.5,0,10,0,2016-03-18,2016-02-18
376385,IRBT,30.19,*,call,23.0,0.0,6.2,8.5,0,0,0,2016-03-18,2016-02-18
376386,IRBT,30.19,*,put,23.0,0.0,0.0,0.45,0,0,0,2016-03-18,2016-02-18
376387,IRBT,30.19,*,call,24.0,12.28,4.7,7.6,0,5,0,2016-03-18,2016-02-18
376388,IRBT,30.19,*,put,24.0,0.0,0.0,0.5,0,0,0,2016-03-18,2016-02-18
376389,IRBT,30.19,*,call,25.0,5.1,4.3,5.9,0,2,0,2016-03-18,2016-02-18
376390,IRBT,30.19,*,put,25.0,0.3,0.0,0.5,0,17,0,2016-03-18,2016-02-18
376391,IRBT,30.19,*,call,26.0,5.1,3.6,4.9,0,6,0,2016-03-18,2016-02-18
376392,IRBT,30.19,*,put,26.0,0.55,0.0,0.4,0,31,0,2016-03-18,2016-02-18
376393,IRBT,30.19,*,call,27.0,4.3,2.8,4.1,0,10,0,2016-03-18,2016-02-18
376394,IRBT,30.19,*,put,27.0,1.0,0.25,0.35,0,55,0,2016-03-18,2016-02-18
376395,IRBT,30.19,*,call,28.0,2.2,2.35,3.0,0,15,0,2016-03-18,2016-02-18
376396,IRBT,30.19,*,put,28.0,0.6,0.4,0.55,19,46,0,2016-03-18,2016-02-18
376397,IRBT,30.19,*,call,29.0,3.4,1.85,2.05,0,11,0,2016-03-18,2016-02-18
376398,IRBT,30.19,*,put,29.0,0.93,0.65,0.8,16,167,0,2016-03-18,2016-02-18
376399,IRBT,30.19,*,call,30.0,1.78,1.2,1.4,0,177,0,2016-03-18,2016-02-18
376400,IRBT,30.19,*,put,30.0,1.23,1.05,1.2,11,123,0,2016-03-18,2016-02-18
376401,IRBT,30.19,*,call,31.0,1.1,0.75,0.9,0,41,0,2016-03-18,2016-02-18
376402,IRBT,30.19,*,put,31.0,1.91,1.55,1.8,23,86,0,2016-03-18,2016-02-18
376403,IRBT,30.19,*,call,32.0,0.8,0.4,0.55,0,89,0,2016-03-18,2016-02-18
376404,IRBT,30.19,*,put,32.0,2.04,2.2,2.95,0,91,0,2016-03-18,2016-02-18
376405,IRBT,30.19,*,call,33.0,0.22,0.2,0.35,5,669,0,2016-03-18,2016-02-18
376406,IRBT,30.19,*,put,33.0,4.22,2.75,3.8,0,107,0,2016-03-18,2016-02-18
376407,IRBT,30.19,*,call,34.0,0.15,0.0,0.5,0,121,0,2016-03-18,2016-02-18
376408,IRBT,30.19,*,put,34.0,3.35,3.4,5.0,0,27,0,2016-03-18,2016-02-18
376409,IRBT,30.19,*,call,35.0,0.1,0.05,0.1,0,237,0,2016-03-18,2016-02-18
376410,IRBT,30.19,*,put,35.0,5.9,4.3,6.1,0,82,0,2016-03-18,2016-02-18
376411,IRBT,30.19,*,call,36.0,0.07,0.0,0.05,0,226,0,2016-03-18,2016-02-18
376412,IRBT,30.19,*,put,36.0,3.6,5.3,7.2,0,23,0,2016-03-18,2016-02-18
376413,IRBT,30.19,*,call,37.0,0.07,0.0,0.5,0,112,0,2016-03-18,2016-02-18
376414,IRBT,30.19,*,put,37.0,8.22,6.3,8.0,0,188,0,2016-03-18,2016-02-18
376415,IRBT,30.19,*,call,38.0,0.05,0.0,0.45,0,101,0,2016-03-18,2016-02-18
376416,IRBT,30.19,*,put,38.0,6.01,7.2,9.1,0,11,0,2016-03-18,2016-02-18
376417,IRBT,30.19,*,call,39.0,0.05,0.0,0.5,0,132,0,2016-03-18,2016-02-18
376418,IRBT,30.19,*,put,39.0,7.01,8.2,11.1,0,1,0,2016-03-18,2016-02-18
376419,IRBT,30.19,*,call,40.0,0.05,0.0,0.5,0,227,0,2016-03-18,2016-02-18
376420,IRBT,30.19,*,put,40.0,7.98,8.8,12.1,0,5,0,2016-03-18,2016-02-18
376421,IRBT,30.19,*,call,41.0,0.7,0.0,0.5,0,7,0,2016-03-18,2016-02-18
376422,IRBT,30.19,*,put,41.0,8.71,10.2,13.0,0,1,0,2016-03-18,2016-02-18
376423,IRBT,30.19,*,call,42.0,0.25,0.0,0.5,0,96,0,2016-03-18,2016-02-18
376424,IRBT,30.19,*,put,42.0,0.0,10.5,14.0,0,0,0,2016-03-18,2016-02-18
376425,IRBT,30.19,*,call,43.0,0.0,0.0,0.5,0,0,0,2016-03-18,2016-02-18
376426,IRBT,30.19,*,put,43.0,0.0,11.0,15.0,0,0,0,2016-03-18,2016-02-18
376427,IRBT,30.19,*,call,44.0,0.45,0.0,0.5,0,9,0,2016-03-18,2016-02-18
376428,IRBT,30.19,*,put,44.0,0.0,12.0,16.0,0,0,0,2016-03-18,2016-02-18
376429,IRBT,30.19,*,call,45.0,0.25,0.0,0.5,0,9,0,2016-03-18,2016-02-18
376430,IRBT,30.19,*,put,45.0,0.0,13.0,17.1,0,0,0,2016-03-18,2016-02-18
376431,IRBT,30.19,*,call,46.0,0.0,0.0,0.5,0,0,0,2016-03-18,2016-02-18
376432,IRBT,30.19,*,put,46.0,0.0,14.1,18.1,0,0,0,2016-03-18,2016-02-18
376433,IRBT,30.19,*,call,47.0,0.02,0.0,0.5,0,28,0,2016-03-18,2016-02-18
376434,IRBT,30.19,*,put,47.0,14.6,15.0,19.1,0,0,0,2016-03-18,2016-02-18
376435,IRBT,30.19,*,call,48.0,0.0,0.0,0.5,0,0,0,2016-03-18,2016-02-18
376436,IRBT,30.19,*,put,48.0,0.0,17.3,19.8,0,0,0,2016-03-18,2016-02-18
376437,IRBT,30.19,*,call,16.0,0.0,12.8,15.2,0,0,0,2016-06-17,2016-02-18
376438,IRBT,30.19,*,put,16.0,0.0,0.0,0.5,0,0,0,2016-06-17,2016-02-18
376439,IRBT,30.19,*,call,17.0,0.0,11.8,14.5,0,0,0,2016-06-17,2016-02-18
376440,IRBT,30.19,*,put,17.0,0.0,0.0,0.5,0,0,0,2016-06-17,2016-02-18
376441,IRBT,30.19,*,call,18.0,0.0,10.1,13.5,0,0,0,2016-06-17,2016-02-18
376442,IRBT,30.19,*,put,18.0,0.0,0.0,0.5,0,0,0,2016-06-17,2016-02-18
376443,IRBT,30.19,*,call,19.0,0.0,9.8,12.6,0,0,0,2016-06-17,2016-02-18
376444,IRBT,30.19,*,put,19.0,0.05,0.0,0.5,0,1,0,2016-06-17,2016-02-18
376445,IRBT,30.19,*,call,20.0,0.0,8.5,11.7,0,0,0,2016-06-17,2016-02-18
376446,IRBT,30.19,*,put,20.0,0.0,0.1,0.5,0,0,0,2016-06-17,2016-02-18
376447,IRBT,30.19,*,call,21.0,0.0,8.0,10.0,0,0,0,2016-06-17,2016-02-18
376448,IRBT,30.19,*,put,21.0,0.0,0.1,0.6,0,0,0,2016-06-17,2016-02-18
376449,IRBT,30.19,*,call,22.0,0.0,7.8,9.3,0,0,0,2016-06-17,2016-02-18
376450,IRBT,30.19,*,put,22.0,0.75,0.25,0.7,0,1,0,2016-06-17,2016-02-18
376451,IRBT,30.19,*,call,23.0,0.0,6.6,8.5,0,0,0,2016-06-17,2016-02-18
376452,IRBT,30.19,*,put,23.0,0.0,0.35,0.85,0,0,0,2016-06-17,2016-02-18
376453,IRBT,30.19,*,call,24.0,0.0,6.0,7.7,0,0,0,2016-06-17,2016-02-18
376454,IRBT,30.19,*,put,24.0,0.0,0.55,1.0,0,0,0,2016-06-17,2016-02-18
376455,IRBT,30.19,*,call,25.0,8.92,5.4,6.9,0,4,0,2016-06-17,2016-02-18
376456,IRBT,30.19,*,put,25.0,0.84,0.8,1.1,0,10,0,2016-06-17,2016-02-18
376457,IRBT,30.19,*,call,26.0,0.0,4.9,6.1,0,0,0,2016-06-17,2016-02-18
376458,IRBT,30.19,*,put,26.0,1.21,1.0,1.35,10,20,0,2016-06-17,2016-02-18
376459,IRBT,30.19,*,call,27.0,0.0,4.4,5.1,0,0,0,2016-06-17,2016-02-18
376460,IRBT,30.19,*,put,27.0,1.35,1.3,1.65,0,2,0,2016-06-17,2016-02-18
376461,IRBT,30.19,*,call,28.0,6.0,3.7,4.2,0,2,0,2016-06-17,2016-02-18
376462,IRBT,30.19,*,put,28.0,2.6,1.6,2.05,0,22,0,2016-06-17,2016-02-18
376463,IRBT,30.19,*,call,29.0,6.52,3.1,3.6,0,5,0,2016-06-17,2016-02-18
376464,IRBT,30.19,*,put,29.0,2.25,2.0,2.45,0,37,0,2016-06-17,2016-02-18
376465,IRBT,30.19,*,call,30.0,2.9,2.6,3.1,0,28,0,2016-06-17,2016-02-18
376466,IRBT,30.19,*,put,30.0,2.48,2.45,2.9,0,61,0,2016-06-17,2016-02-18
376467,IRBT,30.19,*,call,31.0,0.0,2.15,2.5,0,0,0,2016-06-17,2016-02-18
376468,IRBT,30.19,*,put,31.0,3.0,3.0,3.5,0,47,0,2016-06-17,2016-02-18
376469,IRBT,30.19,*,call,32.0,3.3,1.7,2.1,0,60,0,2016-06-17,2016-02-18
376470,IRBT,30.19,*,put,32.0,2.0,3.5,4.0,0,5,0,2016-06-17,2016-02-18
376471,IRBT,30.19,*,call,33.0,1.6,1.35,1.8,25,35,0,2016-06-17,2016-02-18
376472,IRBT,30.19,*,put,33.0,0.0,4.2,4.6,0,0,0,2016-06-17,2016-02-18
376473,IRBT,30.19,*,call,34.0,1.25,1.05,1.4,0,30,0,2016-06-17,2016-02-18
376474,IRBT,30.19,*,put,34.0,5.0,4.8,5.6,0,8,0,2016-06-17,2016-02-18
376475,IRBT,30.19,*,call,35.0,1.1,0.85,1.1,0,38,0,2016-06-17,2016-02-18
376476,IRBT,30.19,*,put,35.0,6.1,5.5,6.6,0,6,0,2016-06-17,2016-02-18
376477,IRBT,30.19,*,call,36.0,1.0,0.65,1.0,0,28,0,2016-06-17,2016-02-18
376478,IRBT,30.19,*,put,36.0,3.3,5.9,7.3,0,12,0,2016-06-17,2016-02-18
376479,IRBT,30.19,*,call,37.0,2.0,0.4,0.85,0,71,0,2016-06-17,2016-02-18
376480,IRBT,30.19,*,put,37.0,0.0,6.7,8.2,0,0,0,2016-06-17,2016-02-18
376481,IRBT,30.19,*,call,38.0,1.58,0.2,0.7,0,13,0,2016-06-17,2016-02-18
376482,IRBT,30.19,*,put,38.0,0.0,7.6,9.1,0,0,0,2016-06-17,2016-02-18
376483,IRBT,30.19,*,call,39.0,1.55,0.1,0.6,0,64,0,2016-06-17,2016-02-18
376484,IRBT,30.19,*,put,39.0,0.0,8.5,10.0,0,0,0,2016-06-17,2016-02-18
376485,IRBT,30.19,*,call,40.0,0.32,0.05,0.5,0,80,0,2016-06-17,2016-02-18
376486,IRBT,30.19,*,put,40.0,0.0,9.3,11.2,0,0,0,2016-06-17,2016-02-18
376487,IRBT,30.19,*,call,41.0,0.92,0.0,0.5,0,2,0,2016-06-17,2016-02-18
376488,IRBT,30.19,*,put,41.0,0.0,9.8,12.3,0,0,0,2016-06-17,2016-02-18
376489,IRBT,30.19,*,call,42.0,0.21,0.0,0.5,0,40,0,2016-06-17,2016-02-18
376490,IRBT,30.19,*,put,42.0,0.0,10.9,13.4,0,0,0,2016-06-17,2016-02-18
376491,IRBT,30.19,*,call,43.0,0.0,0.0,0.5,0,0,0,2016-06-17,2016-02-18
376492,IRBT,30.19,*,put,43.0,0.0,12.0,15.0,0,0,0,2016-06-17,2016-02-18
376493,IRBT,30.19,*,call,44.0,1.05,0.0,0.5,0,3,0,2016-06-17,2016-02-18
376494,IRBT,30.19,*,put,44.0,0.0,12.7,15.3,0,0,0,2016-06-17,2016-02-18
376495,IRBT,30.19,*,call,45.0,0.0,0.0,0.5,0,0,0,2016-06-17,2016-02-18
376496,IRBT,30.19,*,put,45.0,15.08,13.6,16.9,0,5,0,2016-06-17,2016-02-18
376497,IRBT,30.19,*,call,46.0,0.0,0.0,0.5,0,0,0,2016-06-17,2016-02-18
376498,IRBT,30.19,*,put,46.0,0.0,14.5,17.3,0,0,0,2016-06-17,2016-02-18
376499,IRBT,30.19,*,call,47.0,0.0,0.0,0.5,0,0,0,2016-06-17,2016-02-18
376500,IRBT,30.19,*,put,47.0,0.0,15.5,18.9,0,0,0,2016-06-17,2016-02-18
376501,IRBT,30.19,*,call,48.0,0.0,0.0,0.5,0,0,0,2016-06-17,2016-02-18
376502,IRBT,30.19,*,put,48.0,0.0,16.6,19.9,0,0,0,2016-06-17,2016-02-18
376503,IRBT,30.19,*,call,49.0,0.0,0.0,0.5,0,0,0,2016-06-17,2016-02-18
376504,IRBT,30.19,*,put,49.0,0.0,17.5,20.9,0,0,0,2016-06-17,2016-02-18
376505,IRBT,30.19,*,call,50.0,0.0,0.0,0.5,0,0,0,2016-06-17,2016-02-18
376506,IRBT,30.19,*,put,50.0,0.0,19.0,21.2,0,0,0,2016-06-17,2016-02-18
376507,IRBT,30.19,*,call,16.0,0.0,13.3,15.3,0,0,0,2016-09-16,2016-02-18
376508,IRBT,30.19,*,put,16.0,0.0,0.0,0.5,0,0,0,2016-09-16,2016-02-18
376509,IRBT,30.19,*,call,17.0,0.0,11.0,15.1,0,0,0,2016-09-16,2016-02-18
376510,IRBT,30.19,*,put,17.0,0.0,0.0,0.55,0,0,0,2016-09-16,2016-02-18
376511,IRBT,30.19,*,call,18.0,0.0,10.5,13.2,0,0,0,2016-09-16,2016-02-18
376512,IRBT,30.19,*,put,18.0,0.0,0.2,0.65,0,0,0,2016-09-16,2016-02-18
376513,IRBT,30.19,*,call,19.0,0.0,9.3,13.1,0,0,0,2016-09-16,2016-02-18
376514,IRBT,30.19,*,put,19.0,0.0,0.3,0.75,0,0,0,2016-09-16,2016-02-18
376515,IRBT,30.19,*,call,20.0,0.0,9.8,11.7,0,0,0,2016-09-16,2016-02-18
376516,IRBT,30.19,*,put,20.0,0.0,0.4,0.9,0,0,0,2016-09-16,2016-02-18
376517,IRBT,30.19,*,call,21.0,0.0,9.2,10.9,0,0,0,2016-09-16,2016-02-18
376518,IRBT,30.19,*,put,21.0,0.0,0.55,1.0,0,0,0,2016-09-16,2016-02-18
376519,IRBT,30.19,*,call,22.0,0.0,8.2,10.0,0,0,0,2016-09-16,2016-02-18
376520,IRBT,30.19,*,put,22.0,0.0,0.65,1.2,0,0,0,2016-09-16,2016-02-18
376521,IRBT,30.19,*,call,23.0,0.0,7.4,9.3,0,0,0,2016-09-16,2016-02-18
376522,IRBT,30.19,*,put,23.0,0.0,0.95,1.4,0,0,0,2016-09-16,2016-02-18
376523,IRBT,30.19,*,call,24.0,0.0,6.9,8.5,0,0,0,2016-09-16,2016-02-18
376524,IRBT,30.19,*,put,24.0,0.0,1.15,1.55,0,0,0,2016-09-16,2016-02-18
376525,IRBT,30.19,*,call,25.0,0.0,6.0,7.8,0,0,0,2016-09-16,2016-02-18
376526,IRBT,30.19,*,put,25.0,1.3,1.45,1.85,0,10,0,2016-09-16,2016-02-18
376527,IRBT,30.19,*,call,26.0,0.0,5.9,6.5,0,0,0,2016-09-16,2016-02-18
376528,IRBT,30.19,*,put,26.0,0.0,1.75,2.15,0,0,0,2016-09-16,2016-02-18
376529,IRBT,30.19,*,call,27.0,0.0,5.2,5.9,0,0,0,2016-09-16,2016-02-18
376530,IRBT,30.19,*,put,27.0,0.0,2.1,2.5,0,0,0,2016-09-16,2016-02-18
376531,IRBT,30.19,*,call,28.0,0.0,4.7,5.2,0,0,0,2016-09-16,2016-02-18
376532,IRBT,30.19,*,put,28.0,0.0,2.45,2.9,0,0,0,2016-09-16,2016-02-18
376533,IRBT,30.19,*,call,29.0,0.0,4.1,4.6,0,0,0,2016-09-16,2016-02-18
376534,IRBT,30.19,*,put,29.0,0.0,2.9,3.4,0,0,0,2016-09-16,2016-02-18
376535,IRBT,30.19,*,call,30.0,3.7,3.6,4.0,1,0,0,2016-09-16,2016-02-18
376536,IRBT,30.19,*,put,30.0,3.6,3.3,3.9,10,20,0,2016-09-16,2016-02-18
376537,IRBT,30.19,*,call,31.0,0.0,3.1,3.7,0,0,0,2016-09-16,2016-02-18
376538,IRBT,30.19,*,put,31.0,0.0,3.8,4.4,0,0,0,2016-09-16,2016-02-18
376539,IRBT,30.19,*,call,32.0,4.4,2.65,3.2,0,2,0,2016-09-16,2016-02-18
376540,IRBT,30.19,*,put,32.0,0.0,4.4,5.0,0,0,0,2016-09-16,2016-02-18
376541,IRBT,30.19,*,call,33.0,4.7,2.3,2.7,0,1,0,2016-09-16,2016-02-18
376542,IRBT,30.19,*,put,33.0,3.9,5.0,5.6,0,7,0,2016-09-16,2016-02-18
376543,IRBT,30.19,*,call,34.0,2.35,1.95,2.3,0,1,0,2016-09-16,2016-02-18
376544,IRBT,30.19,*,put,34.0,0.0,5.7,6.2,0,0,0,2016-09-16,2016-02-18
376545,IRBT,30.19,*,call,35.0,3.28,1.65,2.1,0,2,0,2016-09-16,2016-02-18
376546,IRBT,30.19,*,put,35.0,0.0,6.3,7.3,0,0,0,2016-09-16,2016-02-18
376547,IRBT,30.19,*,call,36.0,0.0,1.4,1.75,0,0,0,2016-09-16,2016-02-18
376548,IRBT,30.19,*,put,36.0,0.0,7.1,8.1,0,0,0,2016-09-16,2016-02-18
376549,IRBT,30.19,*,call,37.0,1.32,1.15,1.6,0,11,0,2016-09-16,2016-02-18
376550,IRBT,30.19,*,put,37.0,9.37,7.3,9.0,0,10,0,2016-09-16,2016-02-18
376551,IRBT,30.19,*,call,38.0,0.0,0.95,1.4,0,0,0,2016-09-16,2016-02-18
376552,IRBT,30.19,*,put,38.0,0.0,8.1,9.9,0,0,0,2016-09-16,2016-02-18
376553,IRBT,30.19,*,call,39.0,0.0,0.8,1.2,0,0,0,2016-09-16,2016-02-18
376554,IRBT,30.19,*,put,39.0,0.0,8.9,10.7,0,0,0,2016-09-16,2016-02-18
376555,IRBT,30.19,*,call,40.0,1.04,0.55,1.05,0,4,0,2016-09-16,2016-02-18
376556,IRBT,30.19,*,put,40.0,0.0,9.7,11.6,0,0,0,2016-09-16,2016-02-18
376557,IRBT,30.19,*,call,41.0,0.0,0.4,0.9,0,0,0,2016-09-16,2016-02-18
376558,IRBT,30.19,*,put,41.0,0.0,10.6,12.5,0,0,0,2016-09-16,2016-02-18
376559,IRBT,30.19,*,call,42.0,0.0,0.2,0.8,0,0,0,2016-09-16,2016-02-18
376560,IRBT,30.19,*,put,42.0,0.0,11.5,13.3,0,0,0,2016-09-16,2016-02-18
376561,IRBT,30.19,*,call,43.0,0.0,0.1,0.7,0,0,0,2016-09-16,2016-02-18
376562,IRBT,30.19,*,put,43.0,0.0,12.4,14.2,0,0,0,2016-09-16,2016-02-18
376563,IRBT,30.19,*,call,44.0,0.0,0.1,0.65,0,0,0,2016-09-16,2016-02-18
376564,IRBT,30.19,*,put,44.0,0.0,12.7,15.2,0,0,0,2016-09-16,2016-02-18
376565,IRBT,30.19,*,call,45.0,0.0,0.15,0.6,0,0,0,2016-09-16,2016-02-18
376566,IRBT,30.19,*,put,45.0,15.33,14.2,16.6,0,5,0,2016-09-16,2016-02-18
376567,IRBT,30.19,*,call,46.0,0.0,0.1,0.5,0,0,0,2016-09-16,2016-02-18
376568,IRBT,30.19,*,put,46.0,0.0,14.5,17.5,0,0,0,2016-09-16,2016-02-18
376569,IRBT,30.19,*,call,47.0,0.0,0.0,0.5,0,0,0,2016-09-16,2016-02-18
376570,IRBT,30.19,*,put,47.0,0.0,15.8,18.5,0,0,0,2016-09-16,2016-02-18
376571,IRBT,30.19,*,call,48.0,0.0,0.0,0.5,0,0,0,2016-09-16,2016-02-18
376572,IRBT,30.19,*,put,48.0,0.0,16.7,19.5,0,0,0,2016-09-16,2016-02-18
376573,IRBT,30.19,*,call,49.0,0.0,0.0,0.5,0,0,0,2016-09-16,2016-02-18
376574,IRBT,30.19,*,put,49.0,0.0,17.6,20.4,0,0,0,2016-09-16,2016-02-18
376575,IRBT,30.19,*,call,50.0,0.0,0.0,0.5,0,0,0,2016-09-16,2016-02-18
376576,IRBT,30.19,*,put,50.0,0.0,19.0,21.7,0,0,0,2016-09-16,2016-02-18
376577,IRBT,30.19,*,call,15.0,0.0,12.8,17.3,0,0,0,2017-01-20,2016-02-18
376578,IRBT,30.19,*,put,15.0,0.5,0.05,1.0,0,4,0,2017-01-20,2016-02-18
376579,IRBT,30.19,*,call,18.0,13.96,11.7,14.0,0,15,0,2017-01-20,2016-02-18
376580,IRBT,30.19,*,put,18.0,0.8,0.35,1.15,0,58,0,2017-01-20,2016-02-18
376581,IRBT,30.19,*,call,20.0,11.2,10.1,12.4,0,35,0,2017-01-20,2016-02-18
376582,IRBT,30.19,*,put,20.0,0.75,0.7,1.55,0,52,0,2017-01-20,2016-02-18
376583,IRBT,30.19,*,call,23.0,8.47,7.9,10.2,0,59,0,2017-01-20,2016-02-18
376584,IRBT,30.19,*,put,23.0,1.55,1.6,1.95,0,210,0,2017-01-20,2016-02-18
376585,IRBT,30.19,*,call,25.0,8.5,7.4,8.0,0,161,0,2017-01-20,2016-02-18
376586,IRBT,30.19,*,put,25.0,2.25,2.15,2.55,0,88,0,2017-01-20,2016-02-18
376587,IRBT,30.19,*,call,28.0,5.7,5.5,6.1,10,162,0,2017-01-20,2016-02-18
376588,IRBT,30.19,*,put,28.0,3.4,3.3,3.8,0,228,0,2017-01-20,2016-02-18
376589,IRBT,30.19,*,call,30.0,5.7,4.5,5.0,0,147,0,2017-01-20,2016-02-18
376590,IRBT,30.19,*,put,30.0,5.1,4.2,4.8,0,114,0,2017-01-20,2016-02-18
376591,IRBT,30.19,*,call,33.0,3.0,3.2,3.7,0,88,0,2017-01-20,2016-02-18
376592,IRBT,30.19,*,put,33.0,4.9,5.9,6.6,0,33,0,2017-01-20,2016-02-18
376593,IRBT,30.19,*,call,35.0,2.95,2.55,3.0,0,335,0,2017-01-20,2016-02-18
376594,IRBT,30.19,*,put,35.0,8.5,7.2,7.8,0,23,0,2017-01-20,2016-02-18
376595,IRBT,30.19,*,call,37.0,2.8,2.0,2.35,0,184,0,2017-01-20,2016-02-18
376596,IRBT,30.19,*,put,37.0,9.9,8.7,9.9,0,19,0,2017-01-20,2016-02-18
376597,IRBT,30.19,*,call,40.0,3.06,1.35,1.65,0,90,0,2017-01-20,2016-02-18
376598,IRBT,30.19,*,put,40.0,10.0,11.0,12.5,0,10,0,2017-01-20,2016-02-18
376599,IRBT,30.19,*,call,42.0,2.0,1.0,1.3,0,62,0,2017-01-20,2016-02-18
376600,IRBT,30.19,*,put,42.0,8.6,11.9,14.2,0,2,0,2017-01-20,2016-02-18
376601,IRBT,30.19,*,call,45.0,1.25,0.65,1.3,0,18,0,2017-01-20,2016-02-18
376602,IRBT,30.19,*,put,45.0,15.05,14.5,16.7,0,10,0,2017-01-20,2016-02-18
376603,IRBT,30.19,*,call,50.0,1.05,0.05,1.0,0,40,0,2017-01-20,2016-02-18
376604,IRBT,30.19,*,put,50.0,0.0,18.0,22.5,0,0,0,2017-01-20,2016-02-18
376605,IRBT,30.19,*,call,55.0,1.25,0.0,1.0,0,1,0,2017-01-20,2016-02-18
376606,IRBT,30.19,*,put,55.0,0.0,24.0,27.2,0,0,0,2017-01-20,2016-02-18
477545,MRCY,16.94,*,call,7.5,0.0,9.2,10.1,0,0,0,2016-02-19,2016-02-18
477546,MRCY,16.94,*,put,7.5,0.0,0.0,0.2,0,0,0,2016-02-19,2016-02-18
477547,MRCY,16.94,*,call,10.0,0.0,6.5,7.6,0,0,0,2016-02-19,2016-02-18
477548,MRCY,16.94,*,put,10.0,0.0,0.0,0.2,0,0,0,2016-02-19,2016-02-18
477549,MRCY,16.94,*,call,12.5,0.0,4.1,4.9,0,0,0,2016-02-19,2016-02-18
477550,MRCY,16.94,*,put,12.5,0.0,0.0,0.2,0,0,0,2016-02-19,2016-02-18
477551,MRCY,16.94,*,call,15.0,0.0,1.7,2.25,0,0,0,2016-02-19,2016-02-18
477552,MRCY,16.94,*,put,15.0,0.0,0.0,0.2,0,0,0,2016-02-19,2016-02-18
477553,MRCY,16.94,*,call,17.5,1.2,0.0,0.35,0,7,0,2016-02-19,2016-02-18
477554,MRCY,16.94,*,put,17.5,0.4,0.25,0.9,0,0,0,2016-02-19,2016-02-18
477555,MRCY,16.94,*,call,20.0,0.07,0.0,0.2,0,19,0,2016-02-19,2016-02-18
477556,MRCY,16.94,*,put,20.0,0.0,2.6,3.4,0,0,0,2016-02-19,2016-02-18
477557,MRCY,16.94,*,call,22.5,0.0,0.0,0.2,0,0,0,2016-02-19,2016-02-18
477558,MRCY,16.94,*,put,22.5,0.0,5.1,5.9,0,0,0,2016-02-19,2016-02-18
477559,MRCY,16.94,*,call,25.0,0.0,0.0,0.2,0,0,0,2016-02-19,2016-02-18
477560,MRCY,16.94,*,put,25.0,0.0,7.4,8.3,0,0,0,2016-02-19,2016-02-18
477561,MRCY,16.94,*,call,30.0,0.0,0.0,0.2,0,0,0,2016-02-19,2016-02-18
477562,MRCY,16.94,*,put,30.0,0.0,12.1,13.6,0,0,0,2016-02-19,2016-02-18
477563,MRCY,16.94,*,call,35.0,0.0,0.0,0.2,0,0,0,2016-02-19,2016-02-18
477564,MRCY,16.94,*,put,35.0,0.0,17.1,18.3,0,0,0,2016-02-19,2016-02-18
477565,MRCY,16.94,*,call,5.0,0.0,11.4,12.9,0,0,0,2016-03-18,2016-02-18
477566,MRCY,16.94,*,put,5.0,0.0,0.0,0.2,0,0,0,2016-03-18,2016-02-18
477567,MRCY,16.94,*,call,7.5,0.0,8.8,10.1,0,0,0,2016-03-18,2016-02-18
477568,MRCY,16.94,*,put,7.5,0.0,0.0,0.35,0,0,0,2016-03-18,2016-02-18
477569,MRCY,16.94,*,call,10.0,0.0,6.3,7.6,0,0,0,2016-03-18,2016-02-18
477570,MRCY,16.94,*,put,10.0,0.0,0.0,0.2,0,0,0,2016-03-18,2016-02-18
477571,MRCY,16.94,*,call,12.5,0.0,3.9,4.9,0,0,0,2016-03-18,2016-02-18
477572,MRCY,16.94,*,put,12.5,0.0,0.0,0.25,0,0,0,2016-03-18,2016-02-18
477573,MRCY,16.94,*,call,15.0,0.0,1.75,2.35,0,0,0,2016-03-18,2016-02-18
477574,MRCY,16.94,*,put,15.0,0.0,0.0,0.35,0,0,0,2016-03-18,2016-02-18
477575,MRCY,16.94,*,call,17.5,1.8,0.35,0.75,0,2,0,2016-03-18,2016-02-18
477576,MRCY,16.94,*,put,17.5,0.87,0.7,1.15,0,10,0,2016-03-18,2016-02-18
477577,MRCY,16.94,*,call,20.0,0.0,0.0,0.3,0,0,0,2016-03-18,2016-02-18
477578,MRCY,16.94,*,put,20.0,0.0,2.6,3.6,0,0,0,2016-03-18,2016-02-18
477579,MRCY,16.94,*,call,22.5,0.0,0.0,0.2,0,0,0,2016-03-18,2016-02-18
477580,MRCY,16.94,*,put,22.5,0.0,5.1,6.0,0,0,0,2016-03-18,2016-02-18
477581,MRCY,16.94,*,call,25.0,0.0,0.0,0.2,0,0,0,2016-03-18,2016-02-18
477582,MRCY,16.94,*,put,25.0,0.0,7.4,8.4,0,0,0,2016-03-18,2016-02-18
477583,MRCY,16.94,*,call,30.0,0.0,0.0,0.2,0,0,0,2016-03-18,2016-02-18
477584,MRCY,16.94,*,put,30.0,0.0,12.1,13.6,0,0,0,2016-03-18,2016-02-18
477585,MRCY,16.94,*,call,2.5,0.0,14.0,15.4,0,0,0,2016-04-15,2016-02-18
477586,MRCY,16.94,*,put,2.5,0.0,0.0,0.35,0,0,0,2016-04-15,2016-02-18
477587,MRCY,16.94,*,call,5.0,0.0,11.4,12.9,0,0,0,2016-04-15,2016-02-18
477588,MRCY,16.94,*,put,5.0,0.0,0.0,0.35,0,0,0,2016-04-15,2016-02-18
477589,MRCY,16.94,*,call,7.5,0.0,8.8,10.1,0,0,0,2016-04-15,2016-02-18
477590,MRCY,16.94,*,put,7.5,0.0,0.0,0.35,0,0,0,2016-04-15,2016-02-18
477591,MRCY,16.94,*,call,10.0,0.0,6.3,7.6,0,0,0,2016-04-15,2016-02-18
477592,MRCY,16.94,*,put,10.0,0.0,0.0,0.05,0,0,0,2016-04-15,2016-02-18
477593,MRCY,16.94,*,call,12.5,0.0,4.0,4.9,0,0,0,2016-04-15,2016-02-18
477594,MRCY,16.94,*,put,12.5,0.09,0.0,0.25,0,8,0,2016-04-15,2016-02-18
477595,MRCY,16.94,*,call,15.0,2.05,2.05,2.5,0,19,0,2016-04-15,2016-02-18
477596,MRCY,16.94,*,put,15.0,0.0,0.0,0.55,0,0,0,2016-04-15,2016-02-18
477597,MRCY,16.94,*,call,17.5,2.1,0.5,0.8,0,44,0,2016-04-15,2016-02-18
477598,MRCY,16.94,*,put,17.5,1.45,1.0,1.55,0,116,0,2016-04-15,2016-02-18
477599,MRCY,16.94,*,call,20.0,1.35,0.0,0.35,0,147,0,2016-04-15,2016-02-18
477600,MRCY,16.94,*,put,20.0,0.0,2.7,3.7,0,0,0,2016-04-15,2016-02-18
477601,MRCY,16.94,*,call,22.5,0.0,0.0,0.25,0,0,0,2016-04-15,2016-02-18
477602,MRCY,16.94,*,put,22.5,3.4,5.1,5.9,0,10,0,2016-04-15,2016-02-18
477603,MRCY,16.94,*,call,25.0,0.0,0.0,0.35,0,0,0,2016-04-15,2016-02-18
477604,MRCY,16.94,*,put,25.0,0.0,7.4,8.3,0,0,0,2016-04-15,2016-02-18
477605,MRCY,16.94,*,call,30.0,0.0,0.0,0.35,0,0,0,2016-04-15,2016-02-18
477606,MRCY,16.94,*,put,30.0,0.0,12.1,13.6,0,0,0,2016-04-15,2016-02-18
477607,MRCY,16.94,*,call,7.5,0.0,9.0,10.1,0,0,0,2016-07-15,2016-02-18
477608,MRCY,16.94,*,put,7.5,0.0,0.0,0.3,0,0,0,2016-07-15,2016-02-18
477609,MRCY,16.94,*,call,10.0,0.0,6.4,7.6,0,0,0,2016-07-15,2016-02-18
477610,MRCY,16.94,*,put,10.0,0.0,0.0,0.35,0,0,0,2016-07-15,2016-02-18
477611,MRCY,16.94,*,call,12.5,0.0,4.2,5.1,0,0,0,2016-07-15,2016-02-18
477612,MRCY,16.94,*,put,12.5,0.0,0.05,0.5,0,0,0,2016-07-15,2016-02-18
477613,MRCY,16.94,*,call,15.0,0.0,2.5,3.1,0,0,0,2016-07-15,2016-02-18
477614,MRCY,16.94,*,put,15.0,0.0,0.4,0.9,0,0,0,2016-07-15,2016-02-18
477615,MRCY,16.94,*,call,17.5,0.0,1.2,1.45,0,0,0,2016-07-15,2016-02-18
477616,MRCY,16.94,*,put,17.5,0.0,1.65,2.0,0,0,0,2016-07-15,2016-02-18
477617,MRCY,16.94,*,call,20.0,0.6,0.3,0.65,0,30,0,2016-07-15,2016-02-18
477618,MRCY,16.94,*,put,20.0,0.0,3.1,3.7,0,0,0,2016-07-15,2016-02-18
477619,MRCY,16.94,*,call,22.5,1.0,0.0,0.5,0,10,0,2016-07-15,2016-02-18
477620,MRCY,16.94,*,put,22.5,0.0,5.1,6.3,0,0,0,2016-07-15,2016-02-18
477621,MRCY,16.94,*,call,25.0,0.0,0.0,0.35,0,0,0,2016-07-15,2016-02-18
477622,MRCY,16.94,*,put,25.0,0.0,7.5,8.4,0,0,0,2016-07-15,2016-02-18
477623,MRCY,16.94,*,call,30.0,0.15,0.0,0.3,0,1,0,2016-07-15,2016-02-18
477624,MRCY,16.94,*,put,30.0,0.0,12.1,13.6,0,0,0,2016-07-15,2016-02-18
477625,MRCY,16.94,*,call,35.0,0.0,0.0,0.35,0,0,0,2016-07-15,2016-02-18
477626,MRCY,16.94,*,put,35.0,0.0,17.1,18.5,0,0,0,2016-07-15,2016-02-18
780488,VEEV,22.12,*,call,15.0,0.0,6.4,8.1,0,0,0,2016-02-19,2016-02-18
780489,VEEV,22.12,*,put,15.0,0.0,0.0,0.35,0,0,0,2016-02-19,2016-02-18
780490,VEEV,22.12,*,call,16.0,0.0,4.3,7.1,0,0,0,2016-02-19,2016-02-18
780491,VEEV,22.12,*,put,16.0,0.0,0.0,0.35,0,0,0,2016-02-19,2016-02-18
780492,VEEV,22.12,*,call,17.0,0.0,3.3,6.1,0,0,0,2016-02-19,2016-02-18
780493,VEEV,22.12,*,put,17.0,0.0,0.0,0.35,0,0,0,2016-02-19,2016-02-18
780494,VEEV,22.12,*,call,18.0,0.0,3.5,5.6,0,0,0,2016-02-19,2016-02-18
780495,VEEV,22.12,*,put,18.0,0.0,0.0,0.35,0,0,0,2016-02-19,2016-02-18
780496,VEEV,22.12,*,call,19.0,0.0,2.6,4.4,0,0,0,2016-02-19,2016-02-18
780497,VEEV,22.12,*,put,19.0,0.0,0.0,0.35,0,0,0,2016-02-19,2016-02-18
780498,VEEV,22.12,*,call,20.0,1.2,1.7,3.0,0,30,0,2016-02-19,2016-02-18
780499,VEEV,22.12,*,put,20.0,0.45,0.0,0.35,0,15,0,2016-02-19,2016-02-18
780500,VEEV,22.12,*,call,21.0,0.7,0.75,1.65,0,103,0,2016-02-19,2016-02-18
780501,VEEV,22.12,*,put,21.0,0.85,0.0,0.4,0,43,0,2016-02-19,2016-02-18
780502,VEEV,22.12,*,call,22.0,1.0,0.25,0.95,0,15,0,2016-02-19,2016-02-18
780503,VEEV,22.12,*,put,22.0,0.36,0.1,0.55,5,82,0,2016-02-19,2016-02-18
780504,VEEV,22.12,*,call,23.0,0.4,0.0,0.45,0,41,0,2016-02-19,2016-02-18
780505,VEEV,22.12,*,put,23.0,1.01,0.7,1.35,15,139,0,2016-02-19,2016-02-18
780506,VEEV,22.12,*,call,24.0,0.05,0.0,0.05,0,549,0,2016-02-19,2016-02-18
780507,VEEV,22.12,*,put,24.0,0.91,0.75,2.55,0,34,0,2016-02-19,2016-02-18
780508,VEEV,22.12,*,call,25.0,0.06,0.0,0.05,0,493,0,2016-02-19,2016-02-18
780509,VEEV,22.12,*,put,25.0,4.5,2.45,3.4,0,16,0,2016-02-19,2016-02-18
780510,VEEV,22.12,*,call,26.0,0.03,0.0,0.35,0,2144,0,2016-02-19,2016-02-18
780511,VEEV,22.12,*,put,26.0,1.85,2.95,4.4,0,482,0,2016-02-19,2016-02-18
780512,VEEV,22.12,*,call,27.0,0.05,0.0,0.2,0,265,0,2016-02-19,2016-02-18
780513,VEEV,22.12,*,put,27.0,4.76,4.5,5.4,7,148,0,2016-02-19,2016-02-18
780514,VEEV,22.12,*,call,28.0,0.1,0.0,0.35,0,78,0,2016-02-19,2016-02-18
780515,VEEV,22.12,*,put,28.0,3.3,4.2,6.9,0,54,0,2016-02-19,2016-02-18
780516,VEEV,22.12,*,call,29.0,0.35,0.0,0.05,0,52,0,2016-02-19,2016-02-18
780517,VEEV,22.12,*,put,29.0,7.75,5.2,7.8,0,20,0,2016-02-19,2016-02-18
780518,VEEV,22.12,*,call,30.0,0.05,0.0,0.05,0,119,0,2016-02-19,2016-02-18
780519,VEEV,22.12,*,put,30.0,1.95,6.2,8.6,0,10,0,2016-02-19,2016-02-18
780520,VEEV,22.12,*,call,31.0,0.1,0.0,0.35,0,15,0,2016-02-19,2016-02-18
780521,VEEV,22.12,*,put,31.0,0.0,7.2,9.4,0,0,0,2016-02-19,2016-02-18
780522,VEEV,22.12,*,call,32.0,0.25,0.0,0.35,0,37,0,2016-02-19,2016-02-18
780523,VEEV,22.12,*,put,32.0,0.0,8.2,10.6,0,0,0,2016-02-19,2016-02-18
780524,VEEV,22.12,*,call,33.0,0.0,0.0,0.35,0,0,0,2016-02-19,2016-02-18
780525,VEEV,22.12,*,put,33.0,0.0,9.9,11.4,0,0,0,2016-02-19,2016-02-18
780526,VEEV,22.12,*,call,34.0,0.0,0.0,0.35,0,0,0,2016-02-19,2016-02-18
780527,VEEV,22.12,*,put,34.0,5.1,10.9,12.4,0,10,0,2016-02-19,2016-02-18
780528,VEEV,22.12,*,call,35.0,0.0,0.0,0.05,0,0,0,2016-02-19,2016-02-18
780529,VEEV,22.12,*,put,35.0,0.0,11.9,13.4,0,0,0,2016-02-19,2016-02-18
780530,VEEV,22.12,*,call,36.0,0.0,0.0,0.35,0,0,0,2016-02-19,2016-02-18
780531,VEEV,22.12,*,put,36.0,0.0,12.9,14.8,0,0,0,2016-02-19,2016-02-18
780532,VEEV,22.12,*,call,37.0,0.0,0.0,0.35,0,0,0,2016-02-19,2016-02-18
780533,VEEV,22.12,*,put,37.0,0.0,13.9,15.6,0,0,0,2016-02-19,2016-02-18
780534,VEEV,22.12,*,call,13.0,0.0,8.7,10.7,0,0,0,2016-03-18,2016-02-18
780535,VEEV,22.12,*,put,13.0,0.0,0.0,0.5,0,0,0,2016-03-18,2016-02-18
780536,VEEV,22.12,*,call,14.0,0.0,7.7,9.2,0,0,0,2016-03-18,2016-02-18
780537,VEEV,22.12,*,put,14.0,0.0,0.0,0.45,0,0,0,2016-03-18,2016-02-18
780538,VEEV,22.12,*,call,15.0,0.0,5.4,8.8,0,0,0,2016-03-18,2016-02-18
780539,VEEV,22.12,*,put,15.0,0.0,0.0,0.5,0,0,0,2016-03-18,2016-02-18
780540,VEEV,22.12,*,call,16.0,0.0,5.7,7.3,0,0,0,2016-03-18,2016-02-18
780541,VEEV,22.12,*,put,16.0,0.0,0.0,0.5,0,0,0,2016-03-18,2016-02-18
780542,VEEV,22.12,*,call,17.0,0.0,4.9,6.4,0,0,0,2016-03-18,2016-02-18
780543,VEEV,22.12,*,put,17.0,0.0,0.0,0.5,0,0,0,2016-03-18,2016-02-18
780544,VEEV,22.12,*,call,18.0,9.0,4.1,5.4,0,20,0,2016-03-18,2016-02-18
780545,VEEV,22.12,*,put,18.0,0.0,0.2,0.55,0,0,0,2016-03-18,2016-02-18
780546,VEEV,22.12,*,call,19.0,0.0,3.3,4.5,0,0,0,2016-03-18,2016-02-18
780547,VEEV,22.12,*,put,19.0,0.0,0.45,0.6,0,0,0,2016-03-18,2016-02-18
780548,VEEV,22.12,*,call,20.0,8.3,2.8,3.1,0,15,0,2016-03-18,2016-02-18
780549,VEEV,22.12,*,put,20.0,0.71,0.65,0.9,1,140,0,2016-03-18,2016-02-18
780550,VEEV,22.12,*,call,21.0,2.05,2.1,2.4,20,18,0,2016-03-18,2016-02-18
780551,VEEV,22.12,*,put,21.0,1.2,1.0,1.2,6,9,0,2016-03-18,2016-02-18
780552,VEEV,22.12,*,call,22.0,1.7,1.5,1.8,5,12,0,2016-03-18,2016-02-18
780553,VEEV,22.12,*,put,22.0,1.49,1.4,1.65,14,67,0,2016-03-18,2016-02-18
780554,VEEV,22.12,*,call,23.0,1.5,1.05,1.3,0,59,0,2016-03-18,2016-02-18
780555,VEEV,22.12,*,put,23.0,2.1,1.95,2.15,8,152,0,2016-03-18,2016-02-18
780556,VEEV,22.12,*,call,24.0,0.83,0.7,0.9,15,1092,0,2016-03-18,2016-02-18
780557,VEEV,22.12,*,put,24.0,3.9,2.55,2.85,0,122,0,2016-03-18,2016-02-18
780558,VEEV,22.12,*,call,25.0,0.5,0.45,0.65,1,1326,0,2016-03-18,2016-02-18
780559,VEEV,22.12,*,put,25.0,4.27,2.7,3.9,0,128,0,2016-03-18,2016-02-18
780560,VEEV,22.12,*,call,26.0,0.45,0.25,0.4,0,1004,0,2016-03-18,2016-02-18
780561,VEEV,22.12,*,put,26.0,3.6,3.5,4.7,0,143,0,2016-03-18,2016-02-18
780562,VEEV,22.12,*,call,27.0,0.6,0.1,0.4,0,476,0,2016-03-18,2016-02-18
780563,VEEV,22.12,*,put,27.0,6.2,4.3,5.5,0,135,0,2016-03-18,2016-02-18
780564,VEEV,22.12,*,call,28.0,0.15,0.1,0.25,0,468,0,2016-03-18,2016-02-18
780565,VEEV,22.12,*,put,28.0,7.3,5.1,6.5,0,43,0,2016-03-18,2016-02-18
780566,VEEV,22.12,*,call,29.0,0.45,0.05,0.5,0,354,0,2016-03-18,2016-02-18
780567,VEEV,22.12,*,put,29.0,7.76,6.1,7.5,0,64,0,2016-03-18,2016-02-18
780568,VEEV,22.12,*,call,30.0,0.09,0.0,0.4,0,3069,0,2016-03-18,2016-02-18
780569,VEEV,22.12,*,put,30.0,5.84,7.0,8.5,0,32,0,2016-03-18,2016-02-18
780570,VEEV,22.12,*,call,31.0,0.4,0.0,0.35,0,190,0,2016-03-18,2016-02-18
780571,VEEV,22.12,*,put,31.0,6.4,8.0,9.6,0,1,0,2016-03-18,2016-02-18
780572,VEEV,22.12,*,call,32.0,0.87,0.0,0.35,0,58,0,2016-03-18,2016-02-18
780573,VEEV,22.12,*,put,32.0,0.0,8.9,10.4,0,0,0,2016-03-18,2016-02-18
780574,VEEV,22.12,*,call,33.0,0.05,0.0,0.35,0,3696,0,2016-03-18,2016-02-18
780575,VEEV,22.12,*,put,33.0,0.0,9.9,11.6,0,0,0,2016-03-18,2016-02-18
780576,VEEV,22.12,*,call,34.0,0.36,0.0,0.35,0,1516,0,2016-03-18,2016-02-18
780577,VEEV,22.12,*,put,34.0,0.0,10.9,12.4,0,0,0,2016-03-18,2016-02-18
780578,VEEV,22.12,*,call,35.0,0.4,0.0,0.35,0,83,0,2016-03-18,2016-02-18
780579,VEEV,22.12,*,put,35.0,0.0,11.9,14.0,0,0,0,2016-03-18,2016-02-18
780580,VEEV,22.12,*,call,36.0,0.82,0.0,0.35,0,44,0,2016-03-18,2016-02-18
780581,VEEV,22.12,*,put,36.0,0.0,12.9,15.0,0,0,0,2016-03-18,2016-02-18
780582,VEEV,22.12,*,call,37.0,0.0,0.0,0.35,0,0,0,2016-03-18,2016-02-18
780583,VEEV,22.12,*,put,37.0,0.0,13.9,15.6,0,0,0,2016-03-18,2016-02-18
780584,VEEV,22.12,*,call,38.0,0.0,0.0,0.35,0,0,0,2016-03-18,2016-02-18
780585,VEEV,22.12,*,put,38.0,0.0,14.9,17.0,0,0,0,2016-03-18,2016-02-18
780586,VEEV,22.12,*,call,39.0,0.0,0.0,0.35,0,0,0,2016-03-18,2016-02-18
780587,VEEV,22.12,*,put,39.0,0.0,15.9,17.5,0,0,0,2016-03-18,2016-02-18
780588,VEEV,22.12,*,call,40.0,0.0,0.0,0.35,0,0,0,2016-03-18,2016-02-18
780589,VEEV,22.12,*,put,40.0,0.0,16.9,18.4,0,0,0,2016-03-18,2016-02-18
780590,VEEV,22.12,*,call,11.0,0.0,10.7,12.4,0,0,0,2016-06-17,2016-02-18
780591,VEEV,22.12,*,put,11.0,0.0,0.0,0.5,0,0,0,2016-06-17,2016-02-18
780592,VEEV,22.12,*,call,12.0,0.0,9.7,11.5,0,0,0,2016-06-17,2016-02-18
780593,VEEV,22.12,*,put,12.0,0.0,0.05,0.5,0,0,0,2016-06-17,2016-02-18
780594,VEEV,22.12,*,call,13.0,0.0,8.5,10.4,0,0,0,2016-06-17,2016-02-18
780595,VEEV,22.12,*,put,13.0,0.0,0.1,0.55,0,0,0,2016-06-17,2016-02-18
780596,VEEV,22.12,*,call,14.0,0.0,7.5,9.5,0,0,0,2016-06-17,2016-02-18
780597,VEEV,22.12,*,put,14.0,0.0,0.0,0.65,0,0,0,2016-06-17,2016-02-18
780598,VEEV,22.12,*,call,15.0,0.0,7.2,8.6,0,0,0,2016-06-17,2016-02-18
780599,VEEV,22.12,*,put,15.0,0.0,0.25,0.75,0,0,0,2016-06-17,2016-02-18
780600,VEEV,22.12,*,call,16.0,0.0,6.4,7.7,0,0,0,2016-06-17,2016-02-18
780601,VEEV,22.12,*,put,16.0,0.0,0.4,0.9,0,0,0,2016-06-17,2016-02-18
780602,VEEV,22.12,*,call,17.0,0.0,5.3,7.0,0,0,0,2016-06-17,2016-02-18
780603,VEEV,22.12,*,put,17.0,0.0,0.55,1.0,0,0,0,2016-06-17,2016-02-18
780604,VEEV,22.12,*,call,18.0,0.0,4.8,6.2,0,0,0,2016-06-17,2016-02-18
780605,VEEV,22.12,*,put,18.0,1.04,1.0,1.15,8,350,0,2016-06-17,2016-02-18
780606,VEEV,22.12,*,call,19.0,0.0,4.1,4.7,0,0,0,2016-06-17,2016-02-18
780607,VEEV,22.12,*,put,19.0,1.15,1.25,1.45,0,9,0,2016-06-17,2016-02-18
780608,VEEV,22.12,*,call,20.0,5.57,3.7,4.0,0,3,0,2016-06-17,2016-02-18
780609,VEEV,22.12,*,put,20.0,2.14,1.6,1.8,0,308,0,2016-06-17,2016-02-18
780610,VEEV,22.12,*,call,21.0,7.3,3.1,3.4,0,11,0,2016-06-17,2016-02-18
780611,VEEV,22.12,*,put,21.0,1.03,2.0,2.2,0,100,0,2016-06-17,2016-02-18
780612,VEEV,22.12,*,call,22.0,0.0,2.6,2.8,0,0,0,2016-06-17,2016-02-18
780613,VEEV,22.12,*,put,22.0,1.72,2.4,2.65,0,68,0,2016-06-17,2016-02-18
780614,VEEV,22.12,*,call,23.0,0.0,2.15,2.35,0,0,0,2016-06-17,2016-02-18
780615,VEEV,22.12,*,put,23.0,0.0,2.9,3.2,0,0,0,2016-06-17,2016-02-18
780616,VEEV,22.12,*,call,24.0,2.1,1.75,1.95,0,19,0,2016-06-17,2016-02-18
780617,VEEV,22.12,*,put,24.0,2.64,3.5,3.8,0,21,0,2016-06-17,2016-02-18
780618,VEEV,22.12,*,call,25.0,1.15,1.4,1.6,0,89,0,2016-06-17,2016-02-18
780619,VEEV,22.12,*,put,25.0,2.86,4.2,4.5,0,11,0,2016-06-17,2016-02-18
780620,VEEV,22.12,*,call,26.0,1.12,1.05,1.35,0,24,0,2016-06-17,2016-02-18
780621,VEEV,22.12,*,put,26.0,2.45,4.9,5.2,0,16,0,2016-06-17,2016-02-18
780622,VEEV,22.12,*,call,27.0,1.2,0.85,1.1,0,260,0,2016-06-17,2016-02-18
780623,VEEV,22.12,*,put,27.0,0.0,5.4,5.9,0,0,0,2016-06-17,2016-02-18
780624,VEEV,22.12,*,call,28.0,0.75,0.65,0.9,0,5,0,2016-06-17,2016-02-18
780625,VEEV,22.12,*,put,28.0,3.37,5.8,7.0,0,10,0,2016-06-17,2016-02-18
780626,VEEV,22.12,*,call,29.0,0.55,0.45,1.1,0,62,0,2016-06-17,2016-02-18
780627,VEEV,22.12,*,put,29.0,4.6,6.6,7.9,0,19,0,2016-06-17,2016-02-18
780628,VEEV,22.12,*,call,30.0,0.69,0.35,0.8,0,103,0,2016-06-17,2016-02-18
780629,VEEV,22.12,*,put,30.0,4.35,6.8,9.0,0,40,0,2016-06-17,2016-02-18
780630,VEEV,22.12,*,call,31.0,0.48,0.25,0.7,0,27,0,2016-06-17,2016-02-18
780631,VEEV,22.12,*,put,31.0,4.3,8.3,9.7,0,23,0,2016-06-17,2016-02-18
780632,VEEV,22.12,*,call,32.0,1.65,0.15,1.05,0,48,0,2016-06-17,2016-02-18
780633,VEEV,22.12,*,put,32.0,7.78,9.2,10.6,0,4,0,2016-06-17,2016-02-18
780634,VEEV,22.12,*,call,33.0,1.5,0.05,0.5,0,18,0,2016-06-17,2016-02-18
780635,VEEV,22.12,*,put,33.0,0.0,10.2,11.8,0,0,0,2016-06-17,2016-02-18
780636,VEEV,22.12,*,call,34.0,0.21,0.0,0.5,0,9,0,2016-06-17,2016-02-18
780637,VEEV,22.12,*,put,34.0,0.0,10.9,12.7,0,0,0,2016-06-17,2016-02-18
780638,VEEV,22.12,*,call,35.0,0.2,0.0,0.5,0,9,0,2016-06-17,2016-02-18
780639,VEEV,22.12,*,put,35.0,0.0,11.9,13.7,0,0,0,2016-06-17,2016-02-18
780640,VEEV,22.12,*,call,36.0,0.0,0.0,0.45,0,0,0,2016-06-17,2016-02-18
780641,VEEV,22.12,*,put,36.0,0.0,12.8,14.6,0,0,0,2016-06-17,2016-02-18
780642,VEEV,22.12,*,call,37.0,0.7,0.0,0.45,0,2,0,2016-06-17,2016-02-18
780643,VEEV,22.12,*,put,37.0,0.0,13.8,15.7,0,0,0,2016-06-17,2016-02-18
780644,VEEV,22.12,*,call,38.0,0.0,0.0,0.5,0,0,0,2016-06-17,2016-02-18
780645,VEEV,22.12,*,put,38.0,0.0,14.8,16.9,0,0,0,2016-06-17,2016-02-18
780646,VEEV,22.12,*,call,39.0,0.25,0.0,0.5,0,8,0,2016-06-17,2016-02-18
780647,VEEV,22.12,*,put,39.0,0.0,15.8,17.5,0,0,0,2016-06-17,2016-02-18
780648,VEEV,22.12,*,call,40.0,0.0,0.0,0.5,0,0,0,2016-06-17,2016-02-18
780649,VEEV,22.12,*,put,40.0,0.0,16.8,18.5,0,0,0,2016-06-17,2016-02-18
780650,VEEV,22.12,*,call,41.0,0.0,0.0,0.5,0,0,0,2016-06-17,2016-02-18
780651,VEEV,22.12,*,put,41.0,0.0,17.8,19.6,0,0,0,2016-06-17,2016-02-18
780652,VEEV,22.12,*,call,42.0,0.0,0.0,0.5,0,0,0,2016-06-17,2016-02-18
780653,VEEV,22.12,*,put,42.0,0.0,18.8,20.6,0,0,0,2016-06-17,2016-02-18
780654,VEEV,22.12,*,call,43.0,0.0,0.0,0.5,0,0,0,2016-06-17,2016-02-18
780655,VEEV,22.12,*,put,43.0,0.0,19.8,21.4,0,0,0,2016-06-17,2016-02-18
780656,VEEV,22.12,*,call,11.0,0.0,10.9,12.7,0,0,0,2016-09-16,2016-02-18
780657,VEEV,22.12,*,put,11.0,0.0,0.05,0.55,0,0,0,2016-09-16,2016-02-18
780658,VEEV,22.12,*,call,12.0,0.0,8.7,11.8,0,0,0,2016-09-16,2016-02-18
780659,VEEV,22.12,*,put,12.0,0.45,0.15,0.65,0,5,0,2016-09-16,2016-02-18
780660,VEEV,22.12,*,call,13.0,0.0,9.1,10.9,0,0,0,2016-09-16,2016-02-18
780661,VEEV,22.12,*,put,13.0,0.0,0.25,0.75,0,0,0,2016-09-16,2016-02-18
780662,VEEV,22.12,*,call,14.0,0.0,8.3,9.8,0,0,0,2016-09-16,2016-02-18
780663,VEEV,22.12,*,put,14.0,0.0,0.4,0.85,0,0,0,2016-09-16,2016-02-18
780664,VEEV,22.12,*,call,15.0,0.0,7.5,9.2,0,0,0,2016-09-16,2016-02-18
780665,VEEV,22.12,*,put,15.0,0.0,0.55,1.0,0,0,0,2016-09-16,2016-02-18
780666,VEEV,22.12,*,call,16.0,0.0,6.6,8.1,0,0,0,2016-09-16,2016-02-18
780667,VEEV,22.12,*,put,16.0,0.0,0.75,1.2,0,0,0,2016-09-16,2016-02-18
780668,VEEV,22.12,*,call,17.0,0.0,6.0,7.4,0,0,0,2016-09-16,2016-02-18
780669,VEEV,22.12,*,put,17.0,0.0,1.15,1.4,0,0,0,2016-09-16,2016-02-18
780670,VEEV,22.12,*,call,18.0,0.0,5.3,6.7,0,0,0,2016-09-16,2016-02-18
780671,VEEV,22.12,*,put,18.0,1.45,1.4,1.7,0,57,0,2016-09-16,2016-02-18
780672,VEEV,22.12,*,call,19.0,0.0,4.8,5.3,0,0,0,2016-09-16,2016-02-18
780673,VEEV,22.12,*,put,19.0,1.9,1.75,2.05,0,28,0,2016-09-16,2016-02-18
780674,VEEV,22.12,*,call,20.0,0.0,4.2,4.7,0,0,0,2016-09-16,2016-02-18
780675,VEEV,22.12,*,put,20.0,2.3,2.15,2.45,0,89,0,2016-09-16,2016-02-18
780676,VEEV,22.12,*,call,21.0,0.0,3.8,4.2,0,0,0,2016-09-16,2016-02-18
780677,VEEV,22.12,*,put,21.0,2.25,2.6,2.9,0,20,0,2016-09-16,2016-02-18
780678,VEEV,22.12,*,call,22.0,3.6,3.2,3.6,0,1,0,2016-09-16,2016-02-18
780679,VEEV,22.12,*,put,22.0,0.0,3.1,3.4,0,0,0,2016-09-16,2016-02-18
780680,VEEV,22.12,*,call,23.0,3.1,2.75,3.2,0,5,0,2016-09-16,2016-02-18
780681,VEEV,22.12,*,put,23.0,0.0,3.6,4.0,0,0,0,2016-09-16,2016-02-18
780682,VEEV,22.12,*,call,24.0,2.4,2.35,2.75,0,2,0,2016-09-16,2016-02-18
780683,VEEV,22.12,*,put,24.0,0.0,4.2,4.6,0,0,0,2016-09-16,2016-02-18
780684,VEEV,22.12,*,call,25.0,2.3,2.0,2.4,0,12,0,2016-09-16,2016-02-18
780685,VEEV,22.12,*,put,25.0,0.0,4.8,5.2,0,0,0,2016-09-16,2016-02-18
780686,VEEV,22.12,*,call,26.0,1.9,1.7,2.05,6,2,0,2016-09-16,2016-02-18
780687,VEEV,22.12,*,put,26.0,0.0,5.4,5.9,0,0,0,2016-09-16,2016-02-18
780688,VEEV,22.12,*,call,27.0,2.1,1.4,1.8,0,1,0,2016-09-16,2016-02-18
780689,VEEV,22.12,*,put,27.0,0.0,6.1,6.6,0,0,0,2016-09-16,2016-02-18
780690,VEEV,22.12,*,call,28.0,0.0,1.15,1.55,0,0,0,2016-09-16,2016-02-18
780691,VEEV,22.12,*,put,28.0,0.0,6.9,7.3,0,0,0,2016-09-16,2016-02-18
780692,VEEV,22.12,*,call,29.0,1.35,1.0,1.35,0,5,0,2016-09-16,2016-02-18
780693,VEEV,22.12,*,put,29.0,0.0,7.3,8.4,0,0,0,2016-09-16,2016-02-18
780694,VEEV,22.12,*,call,30.0,1.1,0.8,1.25,0,10,0,2016-09-16,2016-02-18
780695,VEEV,22.12,*,put,30.0,0.0,7.9,9.2,0,0,0,2016-09-16,2016-02-18
780696,VEEV,22.12,*,call,31.0,0.0,0.65,1.0,0,0,0,2016-09-16,2016-02-18
780697,VEEV,22.12,*,put,31.0,0.0,8.7,10.0,0,0,0,2016-09-16,2016-02-18
780698,VEEV,22.12,*,call,32.0,1.2,0.55,1.05,0,31,0,2016-09-16,2016-02-18
780699,VEEV,22.12,*,put,32.0,0.0,9.6,10.9,0,0,0,2016-09-16,2016-02-18
780700,VEEV,22.12,*,call,33.0,0.0,0.05,0.9,0,0,0,2016-09-16,2016-02-18
780701,VEEV,22.12,*,put,33.0,0.0,10.2,12.0,0,0,0,2016-09-16,2016-02-18
780702,VEEV,22.12,*,call,34.0,0.0,0.3,0.8,0,0,0,2016-09-16,2016-02-18
780703,VEEV,22.12,*,put,34.0,0.0,11.1,12.7,0,0,0,2016-09-16,2016-02-18
780704,VEEV,22.12,*,call,35.0,0.0,0.2,0.7,0,0,0,2016-09-16,2016-02-18
780705,VEEV,22.12,*,put,35.0,0.0,12.0,13.8,0,0,0,2016-09-16,2016-02-18
780706,VEEV,22.12,*,call,36.0,0.0,0.15,0.65,0,0,0,2016-09-16,2016-02-18
780707,VEEV,22.12,*,put,36.0,0.0,12.9,14.8,0,0,0,2016-09-16,2016-02-18
780708,VEEV,22.12,*,call,37.0,0.0,0.0,0.9,0,0,0,2016-09-16,2016-02-18
780709,VEEV,22.12,*,put,37.0,0.0,13.8,15.7,0,0,0,2016-09-16,2016-02-18
780710,VEEV,22.12,*,call,13.0,14.3,9.5,11.4,0,1,0,2017-01-20,2016-02-18
780711,VEEV,22.12,*,put,13.0,0.0,0.25,1.25,0,0,0,2017-01-20,2016-02-18
780712,VEEV,22.12,*,call,15.0,9.0,7.9,9.8,0,50,0,2017-01-20,2016-02-18
780713,VEEV,22.12,*,put,15.0,0.82,0.65,1.6,0,3,0,2017-01-20,2016-02-18
780714,VEEV,22.12,*,call,18.0,6.0,5.8,7.7,0,49,0,2017-01-20,2016-02-18
780715,VEEV,22.12,*,put,18.0,1.85,1.95,2.45,0,1,0,2017-01-20,2016-02-18
780716,VEEV,22.12,*,call,20.0,8.9,4.7,6.3,0,93,0,2017-01-20,2016-02-18
780717,VEEV,22.12,*,put,20.0,2.86,2.7,3.2,0,26,0,2017-01-20,2016-02-18
780718,VEEV,22.12,*,call,23.0,4.87,3.5,4.2,0,35,0,2017-01-20,2016-02-18
780719,VEEV,22.12,*,put,23.0,3.2,4.2,4.9,0,26,0,2017-01-20,2016-02-18
780720,VEEV,22.12,*,call,25.0,2.6,2.7,3.4,0,71,0,2017-01-20,2016-02-18
780721,VEEV,22.12,*,put,25.0,4.0,5.3,6.1,0,41,0,2017-01-20,2016-02-18
780722,VEEV,22.12,*,call,27.0,1.86,2.05,2.75,0,83,0,2017-01-20,2016-02-18
780723,VEEV,22.12,*,put,27.0,8.16,6.7,7.4,0,56,0,2017-01-20,2016-02-18
780724,VEEV,22.12,*,call,30.0,1.69,1.3,2.0,0,222,0,2017-01-20,2016-02-18
780725,VEEV,22.12,*,put,30.0,7.6,8.0,9.9,0,44,0,2017-01-20,2016-02-18
780726,VEEV,22.12,*,call,32.0,1.2,0.95,1.55,8,24,0,2017-01-20,2016-02-18
780727,VEEV,22.12,*,put,32.0,8.21,9.6,11.5,0,23,0,2017-01-20,2016-02-18
780728,VEEV,22.12,*,call,35.0,0.85,0.4,1.4,0,64,0,2017-01-20,2016-02-18
780729,VEEV,22.12,*,put,35.0,0.0,12.1,14.1,0,0,0,2017-01-20,2016-02-18
780730,VEEV,22.12,*,call,37.0,0.0,0.2,1.2,0,0,0,2017-01-20,2016-02-18
780731,VEEV,22.12,*,put,37.0,0.0,14.0,15.9,0,0,0,2017-01-20,2016-02-18
780732,VEEV,22.12,*,call,40.0,0.45,0.15,0.7,0,59,0,2017-01-20,2016-02-18
780733,VEEV,22.12,*,put,40.0,13.8,16.7,18.7,0,2,0,2017-01-20,2016-02-18
780734,VEEV,22.12,*,call,45.0,0.75,0.0,1.0,0,53,0,2017-01-20,2016-02-18
780735,VEEV,22.12,*,put,45.0,18.0,21.5,23.8,0,5,0,2017-01-20,2016-02-18
